Absolute_Magnitude,relative_velocity(kmps),Miss_Distance(AU),Orbit_Uncertainty,Orbit_Intersection(min),Jupiter_Tisserand_Invariant,Perihelion_Distance,Aphelion_Distance,Anomaly(mean),Motion(mean),Hazardous,estimated_diameter
21.6,6.12,0.42,5,0.03,4.63,0.81,2.01,264.84,0.59,True,205.85
21.3,18.11,0.38,3,0.19,5.46,0.72,1.5,173.74,0.85,False,236.34
20.3,7.59,0.05,0,0.04,4.56,0.95,1.97,292.89,0.56,True,374.58
27.4,11.17,0.29,6,0.01,5.09,0.98,1.53,68.74,0.7,False,14.24
21.6,9.84,0.41,1,0.03,5.15,0.97,1.48,135.14,0.73,True,205.85
19.6,10.81,0.39,1,0.27,4.72,0.58,2.07,354.24,0.65,False,517.06
19.6,10.81,0.39,1,0.27,4.72,0.58,2.07,354.24,0.65,False,517.06
19.2,24.42,0.13,0,0.1,4.92,0.68,1.79,186.78,0.72,False,621.65
21.5,12.9,0.15,0,0.02,6.62,0.39,1.36,119.86,1.2,True,215.55
22.4,22.42,0.2,6,0.0,7.03,0.43,1.2,5.56,1.34,False,142.41
25.8,17.27,0.43,4,0.0,5.12,0.99,1.49,46.68,0.71,False,29.75
25.0,12.12,0.36,6,0.02,6.38,0.63,1.23,66.78,1.1,False,43.01
19.1,10.83,0.43,0,0.21,4.86,1.13,1.52,15.23,0.65,False,650.94
25.2,25.21,0.5,6,0.01,6.89,0.47,1.21,96.61,1.29,False,39.22
20.0,3.09,0.24,0,0.24,3.79,1.22,2.7,82.35,0.36,False,430.07
21.0,20.02,0.48,1,0.1,6.47,0.5,1.32,36.17,1.14,False,271.36
22.3,8.53,0.46,3,0.03,5.37,0.86,1.47,179.6,0.78,False,149.12
22.7,7.92,0.11,4,0.05,6.52,0.78,1.05,203.99,1.13,False,124.03
26.1,4.66,0.26,5,0.02,6.36,0.78,1.1,314.51,1.08,False,25.91
20.6,2.16,0.42,2,0.18,3.75,1.17,2.78,15.11,0.35,False,326.24
21.7,28.42,0.05,1,0.01,6.15,0.12,1.69,303.98,1.14,True,196.58
23.9,10.55,0.02,3,0.01,4.77,0.82,1.9,54.31,0.62,False,71.37
23.9,17.56,0.43,1,0.05,6.3,0.57,1.31,255.19,1.08,False,71.37
21.3,19.22,0.1,4,0.01,5.15,0.89,1.48,141.03,0.77,True,236.34
26.99,7.16,0.21,7,0.01,5.87,0.71,1.36,92.64,0.94,False,17.21
19.3,13.58,0.35,0,0.0,5.31,0.96,1.42,154.02,0.76,True,593.67
22.6,11.47,0.05,0,0.03,5.09,0.71,1.76,178.69,0.72,False,129.88
23.8,11.93,0.1,0,0.05,7.48,0.47,1.06,203.65,1.48,False,74.74
28.6,9.87,0.15,6,0.0,5.35,0.91,1.45,157.61,0.77,False,8.19
21.2,15.94,0.17,6,0.07,4.47,0.81,2.07,317.56,0.57,False,247.48
22.8,11.74,0.33,6,0.05,6.71,0.42,1.31,140.2,1.22,False,118.45
23.8,11.93,0.1,0,0.05,7.48,0.47,1.06,203.03,1.48,False,74.74
23.6,3.84,0.09,0,0.02,5.69,0.89,1.28,343.28,0.87,False,81.95
19.8,14.65,0.49,0,0.01,5.68,0.35,1.72,339.07,0.93,True,471.57
21.7,7.51,0.5,0,0.07,4.99,1.06,1.53,282.45,0.67,False,196.58
19.9,16.54,0.37,0,0.01,5.12,0.98,1.47,196.52,0.73,True,450.34
27.4,7.34,0.07,7,0.0,5.44,0.89,1.4,144.2,0.8,False,14.24
23.9,10.6,0.39,5,0.11,4.7,1.09,1.73,164.56,0.59,False,71.37
26.9,22.82,0.47,7,0.01,6.94,0.59,1.09,87.34,1.28,False,17.93
21.42,20.37,0.22,6,0.09,4.96,1.05,1.42,90.34,0.72,False,223.22
26.5,7.52,0.24,1,0.01,6.13,0.97,1.0,58.24,1.0,False,21.55
18.8,21.53,0.47,1,0.26,3.21,1.25,3.25,217.61,0.29,False,747.38
28.15,13.59,0.32,4,0.0,5.92,0.88,1.18,224.38,0.94,False,10.08
20.8,8.19,0.38,2,0.05,5.8,0.74,1.36,109.07,0.91,True,297.54
25.6,14.09,0.27,7,0.02,6.8,0.69,1.03,197.27,1.23,False,32.62
25.4,11.2,0.23,5,0.01,6.79,0.72,1.02,114.04,1.22,False,35.77
19.4,9.3,0.04,1,0.02,5.77,0.92,1.2,301.48,0.9,True,566.95
21.0,26.05,0.4,1,0.18,4.38,0.68,2.3,144.33,0.54,False,271.36
20.9,19.27,0.44,0,0.03,5.15,0.56,1.8,164.49,0.77,True,284.15
19.4,9.3,0.04,1,0.02,5.77,0.92,1.2,121.79,0.9,True,566.95
18.9,14.34,0.23,0,0.0,3.54,0.98,3.22,104.13,0.32,True,713.74
24.0,10.84,0.31,3,0.07,6.38,0.7,1.17,247.6,1.09,False,68.16
21.49,15.68,0.19,5,0.07,6.7,0.54,1.21,38.26,1.21,False,216.14
22.1,15.8,0.18,0,0.05,5.29,0.98,1.34,267.23,0.79,False,163.51
21.6,20.29,0.2,0,0.08,5.01,0.66,1.85,281.37,0.7,False,205.85
20.5,19.85,0.15,1,0.12,6.47,0.42,1.37,27.87,1.16,False,341.62
21.0,24.72,0.34,2,0.0,4.09,0.77,2.54,153.23,0.46,True,271.36
22.2,11.4,0.23,1,0.05,5.51,0.55,1.65,165.12,0.85,False,156.15
20.6,15.46,0.11,7,0.09,4.04,0.85,2.48,170.8,0.46,False,326.24
24.4,14.69,0.39,0,0.02,5.17,1.0,1.47,121.68,0.72,False,56.69
18.8,19.54,0.35,2,0.06,3.23,0.93,3.61,189.53,0.29,False,747.38
25.8,4.82,0.4,6,0.0,4.77,0.89,1.84,313.26,0.62,False,29.75
24.3,11.51,0.03,7,0.02,5.05,1.0,1.51,285.67,0.7,False,59.37
19.6,18.33,0.36,0,0.01,5.21,0.91,1.47,349.2,0.76,True,517.06
26.2,7.93,0.16,6,0.01,5.54,0.99,1.26,301.16,0.82,False,24.75
20.8,19.67,0.37,1,0.11,6.45,0.64,1.19,278.38,1.13,False,297.54
19.6,18.33,0.36,0,0.01,5.21,0.91,1.47,141.61,0.76,True,517.06
22.0,13.48,0.07,7,0.06,5.36,0.79,1.51,318.67,0.8,False,171.22
23.0,4.33,0.09,5,0.09,4.63,1.1,1.77,309.89,0.57,False,108.03
21.5,16.94,0.31,4,0.07,3.5,1.02,3.3,348.36,0.31,False,215.55
20.2,11.07,0.49,0,0.03,5.56,0.59,1.59,310.18,0.87,True,392.23
27.1,12.55,0.12,1,0.0,7.0,0.51,1.15,338.78,1.3,False,16.35
27.2,12.53,0.37,7,0.0,6.38,0.59,1.26,281.36,1.1,False,15.62
21.57,12.84,0.32,5,0.12,4.49,1.06,1.94,19.04,0.54,False,208.61
18.7,24.36,0.45,0,0.0,4.05,0.86,2.53,36.11,0.45,True,782.6
20.6,8.95,0.14,0,0.04,6.45,0.54,1.29,330.3,1.13,True,326.24
19.5,31.61,0.41,0,0.01,3.59,0.86,2.85,264.94,0.39,True,541.43
18.7,32.18,0.24,0,0.22,5.29,0.22,1.91,18.81,0.9,False,782.6
18.7,32.18,0.24,0,0.22,5.29,0.22,1.91,18.81,0.9,False,782.6
20.1,18.52,0.32,0,0.14,4.57,1.04,1.72,324.39,0.61,False,410.72
20.1,31.13,0.48,1,0.01,3.92,0.68,2.79,265.89,0.43,True,410.72
20.2,18.52,0.32,0,0.14,4.57,1.04,1.72,208.53,0.61,False,392.23
19.7,26.35,0.37,1,0.2,3.57,1.07,2.72,158.08,0.38,False,493.79
23.7,9.83,0.33,6,0.08,6.42,0.72,1.13,325.61,1.11,False,78.26
20.3,15.41,0.48,2,0.04,7.61,0.55,0.96,296.46,1.51,True,374.58
20.7,14.7,0.3,0,0.14,4.91,0.98,1.64,217.17,0.66,False,311.56
20.3,19.85,0.48,0,0.12,4.59,1.02,1.72,221.18,0.62,False,374.58
24.1,9.51,0.04,6,0.0,7.0,0.49,1.17,312.25,1.3,False,65.09
22.0,16.06,0.49,1,0.01,6.45,0.44,1.37,238.59,1.14,True,171.22
27.8,20.48,0.45,6,0.0,4.99,0.91,1.67,330.3,0.67,False,11.85
25.8,19.53,0.37,6,0.0,4.91,0.88,1.68,128.09,0.68,False,29.75
20.5,13.2,0.45,1,0.15,6.08,0.44,1.49,266.01,1.03,False,341.62
21.0,24.37,0.43,2,0.16,5.75,0.42,1.63,75.87,0.95,False,271.36
20.5,14.25,0.2,2,0.06,6.75,0.65,1.08,179.92,1.22,False,341.62
26.5,15.5,0.29,7,0.02,6.08,0.8,1.19,169.31,1.0,False,21.55
19.2,19.89,0.22,2,0.18,3.72,0.67,3.02,262.16,0.39,False,621.65
18.8,10.67,0.47,0,0.24,4.73,1.12,1.63,329.09,0.61,False,747.38
24.7,19.65,0.47,3,0.03,5.86,0.83,1.25,192.95,0.93,False,49.38
24.4,15.83,0.33,6,0.01,7.18,0.51,1.1,315.96,1.37,False,56.69
21.2,12.85,0.42,1,0.14,5.12,1.01,1.43,217.49,0.73,False,247.48
19.3,20.99,0.48,1,0.03,4.94,0.94,1.56,275.71,0.71,True,593.67
25.0,1.44,0.11,4,0.04,5.4,1.04,1.29,101.83,0.78,False,43.01
19.3,20.99,0.48,0,0.03,4.94,0.94,1.56,197.85,0.71,True,593.67
23.0,12.2,0.34,6,0.09,4.56,1.0,1.9,178.02,0.56,False,108.03
19.9,21.82,0.44,2,0.07,3.72,0.56,3.06,7.13,0.4,False,450.34
19.5,15.52,0.43,0,0.23,5.34,0.5,1.74,256.23,0.83,False,541.43
24.8,5.77,0.4,5,0.04,5.0,1.05,1.54,88.09,0.67,False,47.16
26.69,5.99,0.2,3,0.0,6.02,0.74,1.27,87.31,0.98,False,19.73
20.8,12.23,0.25,5,0.21,3.91,1.07,2.49,69.47,0.42,False,297.54
25.19,20.06,0.33,6,0.02,6.82,0.57,1.13,217.82,1.25,False,39.46
19.6,24.44,0.44,0,0.22,6.61,0.5,1.24,87.25,1.21,False,517.06
25.4,8.18,0.12,6,0.0,6.25,0.57,1.33,128.51,1.06,False,35.77
20.4,14.0,0.27,1,0.05,6.48,0.43,1.35,85.12,1.17,False,357.72
19.1,15.48,0.21,1,0.01,3.28,0.63,3.73,280.35,0.31,True,650.94
22.8,10.35,0.1,6,0.02,5.3,0.86,1.51,307.09,0.76,False,118.45
24.5,7.04,0.12,6,0.03,6.66,0.66,1.11,246.41,1.18,False,54.14
24.4,4.54,0.42,8,0.02,4.54,0.87,2.04,36.04,0.56,False,56.69
26.6,23.7,0.47,7,0.02,7.5,0.5,1.02,133.49,1.49,False,20.58
22.3,12.98,0.17,3,0.03,5.37,0.86,1.47,179.6,0.78,False,149.12
19.5,7.54,0.48,0,0.11,5.1,0.9,1.58,24.8,0.71,False,541.43
24.5,11.29,0.26,6,0.03,6.11,0.93,1.05,142.0,1.0,False,54.14
22.1,23.72,0.35,1,0.1,6.55,0.67,1.1,142.18,1.19,False,163.51
25.3,11.65,0.3,6,0.06,6.5,0.77,1.06,147.91,1.13,False,37.46
22.7,10.35,0.21,6,0.08,6.57,0.56,1.23,182.56,1.17,False,124.03
19.9,23.38,0.46,1,0.08,4.48,0.88,2.08,65.69,0.55,False,450.34
19.0,12.14,0.35,0,0.03,4.74,0.8,1.88,4.24,0.63,True,681.62
20.0,21.58,0.24,5,0.11,3.34,0.79,3.61,227.98,0.3,False,430.07
21.0,16.5,0.19,2,0.07,6.31,0.68,1.2,75.43,1.08,False,271.36
19.6,13.12,0.36,0,0.02,5.31,0.89,1.44,248.69,0.79,True,517.06
19.4,7.95,0.27,1,0.02,5.77,0.92,1.2,301.48,0.9,True,566.95
29.7,19.13,0.47,7,0.0,5.48,0.91,1.37,119.5,0.81,False,4.94
23.5,6.77,0.17,3,0.06,5.58,0.99,1.24,142.75,0.84,False,85.81
19.4,7.95,0.27,1,0.02,5.77,0.92,1.2,121.79,0.9,True,566.95
23.4,11.15,0.39,6,0.09,5.08,1.01,1.48,116.91,0.71,False,89.86
20.2,7.78,0.38,0,0.12,5.18,1.03,1.41,308.68,0.73,False,392.23
26.0,8.45,0.17,6,0.0,4.84,0.96,1.73,247.9,0.63,False,27.14
18.8,16.19,0.27,0,0.14,4.62,0.77,2.02,26.97,0.6,False,747.38
20.0,11.31,0.3,2,0.03,6.96,0.6,1.07,175.05,1.29,True,430.07
22.1,12.11,0.37,1,0.01,5.9,0.45,1.57,268.35,0.98,True,163.51
19.2,25.51,0.22,0,0.13,5.2,0.18,2.02,318.34,0.85,False,621.65
23.6,24.88,0.48,1,0.03,6.83,0.56,1.15,181.05,1.24,False,81.95
19.2,21.16,0.46,0,0.07,4.65,0.87,1.93,135.2,0.6,False,621.65
19.2,21.16,0.46,0,0.07,4.65,0.87,1.93,14.14,0.6,False,621.65
22.2,19.41,0.46,7,0.17,6.75,0.37,1.31,112.02,1.28,False,156.15
19.9,16.14,0.29,2,0.1,4.93,0.87,1.72,254.99,0.67,False,450.34
22.5,7.48,0.46,5,0.01,5.53,0.9,1.34,276.68,0.83,False,136.0
21.3,23.59,0.29,3,0.05,7.88,0.38,1.05,24.06,1.63,True,236.34
23.4,10.45,0.01,2,0.0,6.83,0.52,1.19,224.55,1.25,False,89.86
27.6,6.63,0.28,6,0.0,5.86,0.8,1.29,239.46,0.93,False,12.99
20.0,12.94,0.24,1,0.2,4.58,0.68,2.12,42.43,0.59,False,430.07
20.5,32.35,0.37,4,0.05,3.91,0.56,2.82,319.59,0.45,True,341.62
21.3,11.27,0.18,5,0.04,4.05,0.93,2.47,244.8,0.44,True,236.34
18.8,31.39,0.42,1,0.05,7.01,0.42,1.21,82.42,1.35,False,747.38
20.6,3.7,0.27,1,0.26,3.76,1.25,2.72,257.14,0.35,False,326.24
20.7,20.02,0.18,1,0.18,5.44,0.53,1.68,141.3,0.85,False,311.56
26.9,2.68,0.12,4,0.01,5.92,0.96,1.11,292.01,0.94,False,17.93
25.7,9.01,0.16,0,0.05,5.24,1.0,1.42,25.68,0.74,False,31.16
23.5,6.37,0.18,4,0.03,5.84,0.8,1.29,28.28,0.92,False,85.81
20.6,17.03,0.03,0,0.01,5.13,0.57,1.85,109.12,0.74,True,326.24
23.6,13.37,0.33,6,0.04,6.48,0.81,1.03,9.41,1.12,False,81.95
21.5,16.79,0.42,0,0.12,5.65,0.62,1.51,343.67,0.89,False,215.55
21.5,16.79,0.42,1,0.12,5.65,0.62,1.51,162.16,0.89,False,215.55
24.8,8.97,0.2,4,0.02,5.5,0.96,1.31,296.17,0.81,False,47.16
19.9,23.41,0.13,0,0.05,5.26,0.42,1.87,119.9,0.8,False,450.34
22.1,19.53,0.34,1,0.1,6.55,0.67,1.1,142.18,1.19,False,163.51
20.4,11.67,0.37,1,0.04,5.33,0.94,1.39,205.38,0.78,True,357.72
21.2,9.77,0.36,2,0.06,6.19,0.78,1.15,32.41,1.04,False,247.48
22.9,21.97,0.42,5,0.04,4.86,0.83,1.82,41.96,0.65,False,113.12
20.6,17.82,0.06,0,0.01,4.19,0.71,2.48,207.99,0.49,True,326.24
21.8,9.11,0.3,1,0.1,6.0,0.62,1.38,5.85,0.98,False,187.73
18.8,11.77,0.38,1,0.02,7.06,0.59,1.06,212.28,1.31,True,747.38
24.3,11.19,0.21,7,0.0,6.03,0.84,1.18,170.91,0.98,False,59.37
25.0,6.3,0.05,5,0.05,6.37,0.8,1.08,48.02,1.08,False,43.01
19.0,17.81,0.06,0,0.06,5.45,0.57,1.64,198.2,0.85,False,681.62
20.6,23.77,0.18,3,0.03,6.68,0.33,1.39,208.81,1.23,True,326.24
18.7,4.95,0.46,0,0.26,3.83,1.27,2.57,341.12,0.37,False,782.6
21.4,14.44,0.37,1,0.03,5.24,0.65,1.69,274.75,0.78,True,225.71
23.3,8.78,0.24,5,0.02,5.74,0.73,1.4,110.17,0.9,False,94.09
18.9,14.83,0.19,0,0.11,6.33,0.61,1.26,252.11,1.09,False,713.74
20.6,12.43,0.14,0,0.06,5.24,0.77,1.6,119.98,0.76,False,326.24
26.3,18.01,0.35,7,0.0,7.47,0.48,1.06,96.17,1.46,False,23.63
28.7,10.9,0.15,6,0.0,4.72,0.94,1.85,325.99,0.6,False,7.83
20.8,11.91,0.18,0,0.0,5.72,0.86,1.29,316.19,0.88,True,297.54
20.8,16.17,0.21,0,0.05,5.97,0.71,1.31,261.35,0.97,False,297.54
20.0,13.81,0.22,0,0.12,4.68,0.89,1.89,221.3,0.6,False,430.07
28.2,1.7,0.09,4,0.01,5.97,1.0,1.05,230.69,0.95,False,9.85
20.1,28.3,0.44,3,0.11,5.15,0.57,1.81,103.2,0.76,False,410.72
20.0,13.81,0.22,0,0.12,4.68,0.89,1.88,342.04,0.6,False,430.07
24.1,11.01,0.34,0,0.01,6.1,0.98,1.01,188.48,1.0,False,65.09
22.5,15.77,0.49,5,0.2,6.54,0.57,1.21,52.94,1.17,False,136.0
20.0,6.51,0.47,0,0.17,5.04,1.09,1.46,66.06,0.68,False,430.07
20.4,10.2,0.09,0,0.05,7.35,0.4,1.16,206.54,1.43,False,357.72
25.6,4.8,0.06,6,0.0,5.62,0.93,1.27,3.96,0.85,False,32.62
21.51,13.81,0.28,5,0.23,3.35,1.17,3.44,10.72,0.28,False,214.56
20.4,10.2,0.09,0,0.05,7.35,0.4,1.16,59.6,1.43,False,357.72
20.3,11.29,0.23,2,0.04,4.49,0.79,2.15,326.24,0.55,True,374.58
20.8,28.96,0.35,6,0.24,4.0,0.56,2.53,354.23,0.51,False,297.54
20.6,8.65,0.18,4,0.08,4.98,0.81,1.75,193.59,0.68,False,326.24
18.7,14.28,0.19,0,0.09,3.45,0.78,3.42,323.26,0.32,False,782.6
21.2,16.34,0.25,0,0.11,5.32,1.02,1.3,113.38,0.79,False,247.48
20.5,7.99,0.34,2,0.12,4.47,0.96,2.0,204.4,0.55,False,341.62
27.2,8.16,0.49,5,0.01,5.23,0.9,1.52,72.51,0.74,False,15.62
21.0,16.34,0.25,0,0.11,5.32,1.02,1.3,70.17,0.79,False,271.36
21.0,10.88,0.22,0,0.14,5.61,0.72,1.46,140.29,0.86,False,271.36
20.5,10.41,0.09,5,0.07,3.24,1.07,3.78,202.08,0.26,False,341.62
26.9,9.99,0.19,7,0.03,6.06,0.84,1.17,264.44,0.98,False,17.93
20.0,6.76,0.46,0,0.06,4.65,1.02,1.82,227.58,0.58,False,430.07
26.8,20.46,0.35,3,0.0,4.89,0.82,1.8,321.38,0.66,False,18.77
21.2,22.45,0.35,1,0.06,7.26,0.4,1.18,274.15,1.41,False,247.48
21.7,4.42,0.26,0,0.03,5.28,0.87,1.52,336.34,0.76,True,196.58
25.58,7.93,0.14,6,0.06,6.19,0.82,1.13,290.23,1.03,False,32.94
23.8,6.29,0.16,6,0.09,4.83,1.1,1.6,124.21,0.63,False,74.74
20.7,18.89,0.32,1,0.08,6.9,0.26,1.37,225.36,1.33,False,311.56
24.7,8.12,0.08,3,0.03,5.86,0.83,1.25,192.95,0.93,False,49.38
23.8,24.52,0.48,6,0.01,5.3,0.78,1.58,189.98,0.77,False,74.74
20.3,14.24,0.4,0,0.1,5.78,0.61,1.48,219.82,0.92,False,374.58
25.0,11.42,0.22,7,0.06,6.36,0.74,1.12,331.86,1.1,False,43.01
23.0,5.49,0.06,5,0.01,5.29,0.91,1.47,57.17,0.75,False,108.03
22.2,0.87,0.49,0,0.24,3.65,1.25,2.92,6.74,0.33,False,156.15
20.2,24.78,0.39,4,0.15,3.75,0.81,2.92,87.43,0.39,False,392.23
22.6,13.74,0.36,2,0.07,5.82,0.64,1.44,259.65,0.93,False,129.88
26.2,8.1,0.16,4,0.02,6.21,0.85,1.09,260.36,1.03,False,24.75
21.5,3.8,0.39,4,0.24,4.65,1.24,1.64,89.57,0.57,False,215.55
24.9,10.42,0.23,6,0.04,6.25,0.85,1.08,110.55,1.04,False,45.03
20.2,14.12,0.3,6,0.18,3.18,1.18,3.81,105.62,0.25,False,392.23
25.6,10.66,0.25,6,0.05,4.72,0.98,1.81,239.89,0.6,False,32.62
27.1,8.07,0.23,5,0.01,6.54,0.78,1.04,51.96,1.14,False,16.35
19.4,5.97,0.15,0,0.01,6.5,0.67,1.16,147.28,1.13,True,566.95
20.8,28.43,0.42,6,0.02,5.66,0.44,1.62,315.39,0.94,True,297.54
23.3,16.72,0.25,6,0.05,7.02,0.56,1.1,305.35,1.3,False,94.09
21.8,4.39,0.31,0,0.28,3.5,1.27,3.2,89.59,0.29,False,187.73
24.77,14.09,0.19,6,0.0,5.24,0.85,1.55,42.92,0.75,False,47.79
20.0,25.58,0.39,1,0.01,5.35,0.73,1.56,299.05,0.8,True,430.07
22.8,7.14,0.24,3,0.11,6.25,0.74,1.17,105.49,1.05,False,118.45
21.2,12.1,0.24,2,0.15,5.84,0.85,1.22,126.31,0.94,False,247.48
25.9,12.91,0.1,6,0.01,5.87,0.7,1.37,212.7,0.94,False,28.41
21.0,4.78,0.32,0,0.04,5.0,0.93,1.64,32.57,0.68,True,271.36
21.2,13.26,0.24,0,0.03,7.5,0.45,1.07,291.72,1.49,True,247.48
22.7,18.4,0.32,7,0.01,7.99,0.41,1.01,197.47,1.65,False,124.03
28.2,3.9,0.09,4,0.01,5.97,1.0,1.05,230.69,0.95,False,9.85
20.1,6.28,0.14,0,0.11,3.29,1.09,3.73,193.5,0.26,False,410.72
27.5,9.02,0.4,6,0.0,5.82,0.77,1.31,91.52,0.93,False,13.6
26.2,16.62,0.38,3,0.01,6.2,0.81,1.13,192.38,1.03,False,24.75
21.0,10.85,0.29,2,0.07,6.31,0.68,1.2,75.43,1.08,False,271.36
20.5,19.99,0.25,0,0.01,4.28,0.81,2.33,217.59,0.5,True,341.62
22.1,11.74,0.33,1,0.01,5.9,0.45,1.57,268.35,0.98,True,163.51
21.4,15.94,0.42,1,0.11,5.05,1.06,1.46,231.33,0.7,False,225.71
21.0,10.22,0.09,1,0.04,4.15,0.92,2.39,276.65,0.46,True,271.36
26.6,3.02,0.07,7,0.04,5.56,1.01,1.23,171.81,0.83,False,20.58
23.4,7.72,0.06,1,0.03,6.96,0.59,1.09,111.25,1.28,False,89.86
22.3,18.44,0.45,1,0.15,6.58,0.56,1.22,290.92,1.18,False,149.12
19.4,23.37,0.46,0,0.08,6.47,0.55,1.26,286.57,1.14,False,566.95
21.2,9.25,0.49,0,0.02,5.39,0.91,1.4,215.15,0.79,True,247.48
26.1,16.35,0.41,6,0.03,6.7,0.68,1.08,166.41,1.2,False,25.91
24.7,5.68,0.17,2,0.04,6.22,0.81,1.13,276.3,1.03,False,49.38
19.3,7.86,0.36,0,0.09,5.09,1.04,1.46,206.37,0.7,False,593.67
19.1,15.04,0.1,1,0.05,4.69,0.84,1.9,314.89,0.61,True,650.94
20.1,18.19,0.27,4,0.24,5.09,0.67,1.77,148.35,0.73,False,410.72
19.1,15.04,0.1,1,0.05,4.69,0.84,1.9,314.89,0.61,True,650.94
19.4,14.2,0.22,0,0.21,4.85,0.75,1.87,236.92,0.66,False,566.95
18.6,26.47,0.26,0,0.08,3.68,0.64,3.1,37.94,0.39,False,819.49
20.5,18.64,0.11,1,0.1,6.36,0.58,1.25,126.93,1.13,False,341.62
19.3,15.19,0.38,0,0.13,4.76,0.84,1.84,154.45,0.63,False,593.67
25.5,11.78,0.27,7,0.03,6.74,0.66,1.09,188.42,1.21,False,34.16
19.3,15.19,0.38,0,0.13,4.76,0.84,1.84,47.82,0.63,False,593.67
18.9,12.06,0.37,0,0.11,6.33,0.61,1.26,252.11,1.09,False,713.74
19.1,20.64,0.22,1,0.22,4.63,0.45,2.22,143.08,0.64,False,650.94
23.6,23.79,0.45,6,0.0,3.89,0.91,2.72,95.18,0.4,False,81.95
23.9,16.68,0.27,6,0.0,6.93,0.63,1.05,21.85,1.28,False,71.37
22.6,20.28,0.24,2,0.02,7.07,0.44,1.2,17.78,1.33,True,129.88
23.8,11.92,0.09,0,0.05,7.48,0.47,1.06,203.65,1.48,False,74.74
24.6,11.96,0.35,3,0.02,6.37,0.66,1.21,258.27,1.09,False,51.71
25.1,14.37,0.29,7,0.06,6.35,0.77,1.11,52.99,1.08,False,41.07
27.0,8.97,0.16,6,0.01,6.37,0.57,1.29,48.36,1.1,False,17.12
22.6,21.9,0.45,5,0.0,3.23,0.99,3.89,128.48,0.26,False,129.88
27.6,3.05,0.15,2,0.0,5.87,1.01,1.08,319.0,0.92,False,12.99
23.8,11.92,0.09,0,0.05,7.48,0.47,1.06,203.03,1.48,False,74.74
21.0,19.96,0.38,3,0.22,5.79,0.75,1.32,198.08,0.94,False,271.36
23.9,12.62,0.38,5,0.04,6.66,0.59,1.18,265.21,1.19,False,71.37
25.79,14.25,0.19,6,0.02,6.35,0.67,1.2,282.68,1.09,False,29.85
22.9,3.79,0.15,3,0.01,6.31,0.78,1.12,349.87,1.06,False,113.12
23.6,5.54,0.29,4,0.05,5.54,0.94,1.31,199.95,0.83,False,81.95
21.1,14.2,0.09,5,0.05,3.19,0.91,3.96,128.56,0.26,True,259.14
28.61,6.45,0.14,6,0.01,5.54,0.98,1.28,177.89,0.82,False,8.16
21.3,14.22,0.3,1,0.01,5.56,1.0,1.21,264.08,0.85,True,236.34
21.8,9.13,0.3,1,0.1,6.0,0.62,1.38,5.85,0.98,False,187.73
18.7,32.33,0.15,0,0.02,3.41,0.34,3.49,265.94,0.37,True,782.6
27.8,16.12,0.3,7,0.0,5.7,0.8,1.36,123.74,0.88,False,11.85
29.3,11.0,0.25,5,0.0,5.78,0.94,1.19,311.42,0.89,False,5.94
20.3,11.68,0.5,0,0.1,5.78,0.61,1.48,219.82,0.92,False,374.58
20.9,4.17,0.43,2,0.14,4.89,1.12,1.54,190.72,0.64,False,284.15
24.6,12.55,0.28,6,0.0,5.0,0.97,1.6,312.88,0.68,False,51.71
23.17,10.13,0.18,6,0.1,4.66,1.09,1.72,69.82,0.59,False,99.71
25.7,11.96,0.21,5,0.01,6.38,0.84,1.03,77.98,1.09,False,31.16
22.4,8.42,0.24,0,0.02,5.57,0.99,1.23,70.27,0.84,False,142.41
22.8,15.88,0.3,5,0.04,4.86,0.94,1.74,13.7,0.64,False,118.45
26.5,2.7,0.08,1,0.01,6.13,0.97,1.0,58.24,1.0,False,21.55
26.6,4.71,0.11,6,0.01,6.63,0.71,1.07,170.37,1.17,False,20.58
23.2,11.79,0.24,3,0.05,6.44,0.77,1.07,95.2,1.11,False,98.52
27.7,12.67,0.33,6,0.01,6.88,0.66,1.05,337.64,1.25,False,12.4
22.8,6.94,0.3,3,0.01,5.88,0.75,1.32,233.6,0.93,False,118.45
19.5,14.62,0.45,2,0.13,3.64,1.14,2.99,294.34,0.33,False,541.43
20.9,12.71,0.22,1,0.03,5.2,0.81,1.57,152.33,0.76,True,284.15
19.6,25.91,0.29,2,0.25,4.33,0.65,2.21,288.41,0.58,False,517.06
20.1,23.33,0.42,4,0.07,3.44,0.98,3.33,165.43,0.31,False,410.72
21.7,8.62,0.21,0,0.04,4.83,1.05,1.66,333.3,0.63,True,196.58
20.1,20.31,0.28,3,0.28,5.12,0.72,1.68,159.64,0.75,False,410.72
27.0,17.58,0.45,7,0.01,6.42,0.78,1.08,74.64,1.1,False,17.12
21.8,15.86,0.39,2,0.13,5.93,0.7,1.31,334.69,0.97,False,187.73
25.0,14.83,0.05,7,0.01,6.39,0.59,1.24,304.64,1.13,False,43.01
20.9,22.39,0.33,2,0.0,3.97,0.82,2.66,301.21,0.43,True,284.15
19.9,10.31,0.14,3,0.02,3.78,0.9,2.86,295.39,0.38,True,450.34
20.7,24.04,0.36,4,0.12,5.85,0.45,1.57,275.88,0.97,False,311.56
24.88,5.36,0.09,6,0.05,4.52,1.06,1.92,55.38,0.54,False,45.56
18.9,9.44,0.25,0,0.11,6.33,0.61,1.26,252.11,1.09,False,713.74
19.4,32.33,0.44,1,0.06,4.83,0.57,1.99,172.83,0.68,False,566.95
18.9,21.08,0.47,4,0.16,4.39,0.35,2.36,253.11,0.62,False,713.74
25.9,4.39,0.1,5,0.02,5.88,0.99,1.09,296.8,0.93,False,28.41
19.4,32.33,0.44,0,0.06,4.83,0.57,1.99,308.91,0.68,False,566.95
18.6,10.45,0.11,0,0.01,4.47,0.76,2.18,94.23,0.55,True,819.49
20.5,18.64,0.44,1,0.05,5.1,0.54,1.88,51.27,0.74,False,341.62
23.1,14.27,0.42,1,0.0,7.11,0.6,1.04,69.94,1.33,False,103.17
20.2,30.97,0.41,0,0.04,6.07,0.47,1.45,231.18,1.05,True,392.23
28.8,7.75,0.22,5,0.01,6.54,0.82,0.99,116.43,1.14,False,7.47
22.4,10.51,0.29,6,0.17,3.92,1.05,2.57,85.43,0.4,False,142.41
19.5,32.53,0.23,0,0.05,3.2,0.72,3.46,226.98,0.33,True,541.43
21.1,10.45,0.05,2,0.01,3.46,0.95,3.41,92.11,0.31,True,259.14
21.7,7.28,0.22,1,0.02,5.89,0.75,1.32,189.06,0.94,True,196.58
19.9,6.92,0.45,0,0.06,4.98,0.97,1.6,100.84,0.68,False,450.34
26.9,23.6,0.4,6,0.0,6.06,0.61,1.37,242.39,1.0,False,17.93
21.0,11.11,0.2,4,0.19,5.37,0.81,1.5,41.37,0.79,False,271.36
19.9,6.92,0.45,0,0.06,4.98,0.97,1.6,11.3,0.68,False,450.34
21.7,7.28,0.22,1,0.02,5.89,0.75,1.32,16.61,0.94,True,196.58
21.55,12.9,0.27,5,0.24,5.82,0.62,1.44,196.43,0.94,False,210.35
23.6,10.6,0.28,0,0.04,5.74,0.99,1.16,311.46,0.88,False,81.95
24.4,16.74,0.1,7,0.07,7.35,0.36,1.19,280.12,1.45,False,56.69
21.6,17.48,0.4,1,0.03,4.48,0.63,2.25,223.13,0.57,True,205.85
21.5,14.83,0.17,2,0.03,5.79,0.94,1.14,142.26,0.93,True,215.55
27.4,8.04,0.08,6,0.0,5.04,0.84,1.69,79.99,0.69,False,14.24
20.6,10.89,0.46,1,0.25,4.86,1.15,1.49,176.2,0.65,False,326.24
20.6,26.38,0.38,0,0.05,4.85,0.79,1.73,109.74,0.7,True,326.24
21.0,12.68,0.26,2,0.0,4.09,0.77,2.54,153.23,0.46,True,271.36
21.6,11.64,0.36,6,0.14,3.42,1.16,3.41,285.29,0.29,False,205.85
18.6,10.09,0.39,0,0.21,5.6,0.75,1.43,320.52,0.86,False,819.49
19.7,20.6,0.33,0,0.01,4.48,0.88,2.07,101.5,0.55,True,493.79
22.7,8.17,0.06,7,0.01,5.77,0.86,1.26,58.25,0.9,False,124.03
18.8,20.08,0.39,3,0.26,3.29,0.98,3.53,343.42,0.29,False,747.38
21.8,11.18,0.31,3,0.08,6.28,0.72,1.19,187.8,1.06,False,187.73
21.0,14.68,0.11,3,0.05,3.45,0.92,3.42,103.18,0.31,False,271.36
23.0,16.12,0.12,6,0.04,7.01,0.35,1.27,224.7,1.35,False,108.03
21.2,24.04,0.39,0,0.11,5.43,0.67,1.6,239.13,0.82,False,247.48
25.4,19.97,0.41,2,0.0,5.43,0.82,1.48,80.65,0.8,False,35.77
23.1,18.57,0.23,3,0.0,5.2,0.74,1.67,97.15,0.74,False,103.17
28.0,9.33,0.34,6,0.0,5.99,0.6,1.41,186.86,0.98,False,10.8
20.8,18.83,0.33,3,0.25,5.06,0.63,1.8,314.71,0.73,False,297.54
22.4,8.81,0.4,3,0.05,5.18,0.99,1.45,149.37,0.73,False,142.41
20.5,13.74,0.18,1,0.15,6.08,0.44,1.49,266.01,1.03,False,341.62
22.2,1.56,0.44,1,0.17,3.95,1.16,2.5,353.37,0.4,False,156.15
21.2,23.7,0.42,0,0.16,6.37,0.56,1.27,295.45,1.13,False,247.48
19.0,17.44,0.23,0,0.19,7.1,0.41,1.19,94.62,1.38,False,681.62
18.7,23.94,0.3,2,0.18,4.26,0.78,2.23,262.31,0.53,False,782.6
24.9,11.04,0.2,6,0.07,3.42,1.08,3.44,315.37,0.29,False,45.03
24.6,13.46,0.39,6,0.07,6.69,0.65,1.11,98.1,1.2,False,51.71
21.5,25.75,0.4,2,0.22,5.73,0.56,1.52,303.52,0.93,False,215.55
19.03,6.02,0.34,0,0.01,5.21,0.82,1.6,281.99,0.74,True,672.27
21.2,13.53,0.13,1,0.11,6.34,0.6,1.27,66.9,1.09,False,247.48
22.6,11.87,0.13,5,0.05,7.28,0.41,1.17,337.33,1.42,False,129.88
19.4,27.59,0.31,1,0.21,3.89,0.56,2.83,25.36,0.45,False,566.95
19.5,15.27,0.16,0,0.05,6.34,0.79,1.08,161.89,1.1,False,541.43
23.0,20.84,0.42,6,0.04,6.81,0.64,1.08,81.27,1.24,False,108.03
25.9,6.5,0.23,6,0.01,5.87,0.7,1.37,212.7,0.94,False,28.41
18.9,16.19,0.49,1,0.11,3.71,1.08,2.87,46.7,0.35,False,713.74
20.7,24.52,0.13,1,0.08,6.9,0.26,1.37,225.36,1.33,False,311.56
20.2,20.34,0.29,1,0.17,6.45,0.3,1.47,303.28,1.18,False,392.23
25.0,11.19,0.35,5,0.06,4.8,1.05,1.68,153.25,0.62,False,43.01
24.6,9.83,0.03,3,0.02,6.37,0.66,1.21,258.27,1.09,False,51.71
20.3,10.24,0.03,4,0.03,3.28,0.92,3.77,174.8,0.27,True,374.58
20.8,18.33,0.26,5,0.26,4.87,0.67,1.9,253.9,0.68,False,297.54
20.8,2.08,0.26,2,0.26,3.8,1.24,2.67,89.89,0.36,False,297.54
21.9,30.16,0.36,0,0.07,6.34,0.41,1.4,244.54,1.14,False,179.28
20.4,11.08,0.23,5,0.23,4.05,1.06,2.35,335.71,0.44,False,358.21
20.2,12.01,0.24,0,0.13,5.98,0.7,1.3,7.5,0.98,False,392.23
21.2,18.68,0.21,6,0.04,3.99,0.84,2.62,263.62,0.43,True,247.48
23.6,2.19,0.18,3,0.06,5.19,1.0,1.45,140.61,0.73,False,81.95
27.2,6.82,0.2,6,0.0,6.09,0.65,1.33,87.1,1.01,False,15.64
18.9,15.08,0.35,0,0.11,6.33,0.61,1.26,252.11,1.09,False,713.74
22.4,8.25,0.02,8,0.02,7.4,0.53,1.03,209.06,1.43,False,142.41
21.9,27.67,0.43,2,0.02,6.1,0.54,1.41,126.47,1.02,True,179.28
21.5,11.31,0.13,4,0.07,5.01,0.8,1.73,355.61,0.69,False,215.55
19.5,21.34,0.42,0,0.11,3.79,0.9,2.56,211.82,0.43,False,541.43
23.7,9.02,0.11,5,0.0,4.76,0.96,1.8,81.96,0.61,False,78.26
19.8,28.47,0.17,3,0.14,3.74,0.8,2.61,323.97,0.44,False,471.57
20.0,31.7,0.49,0,0.17,4.45,0.32,2.36,261.73,0.63,False,430.07
18.8,13.0,0.21,0,0.21,5.8,0.74,1.34,125.13,0.92,False,747.38
20.9,22.02,0.49,1,0.16,6.62,0.49,1.27,273.5,1.19,False,284.15
24.0,11.48,0.3,8,0.02,5.2,0.98,1.43,36.23,0.75,False,68.16
21.1,7.74,0.46,0,0.02,5.13,0.88,1.6,345.36,0.71,True,259.14
22.0,12.36,0.06,0,0.03,6.5,0.5,1.31,31.82,1.15,True,171.22
22.3,5.02,0.1,3,0.08,5.85,0.82,1.27,208.92,0.92,False,149.12
26.5,7.45,0.02,7,0.01,3.22,0.99,3.93,31.12,0.26,False,21.55
19.1,10.99,0.28,0,0.21,4.86,1.13,1.52,15.23,0.65,False,650.94
20.1,7.55,0.38,0,0.03,5.71,0.83,1.32,217.92,0.88,True,410.72
21.2,24.63,0.21,5,0.13,5.18,0.52,1.82,242.66,0.78,False,247.48
20.2,8.89,0.21,2,0.14,6.12,0.77,1.2,25.82,1.01,False,392.23
25.4,11.66,0.27,7,0.0,6.87,0.41,1.28,342.42,1.28,False,35.77
20.6,12.64,0.25,1,0.04,4.65,0.8,1.96,69.87,0.61,True,326.24
22.3,17.64,0.28,2,0.05,5.83,0.88,1.19,241.41,0.93,False,149.12
21.3,17.01,0.43,1,0.19,6.45,0.62,1.19,191.48,1.14,False,236.34
25.3,19.82,0.37,7,0.02,7.48,0.52,1.01,287.64,1.47,False,37.46
29.2,9.02,0.16,5,0.0,6.75,0.51,1.22,328.13,1.22,False,6.22
23.2,9.99,0.15,4,0.01,6.67,0.48,1.27,204.01,1.2,False,98.52
27.4,2.7,0.19,4,0.03,5.42,1.04,1.28,153.63,0.79,False,14.24
26.1,6.52,0.19,1,0.0,5.68,0.81,1.36,127.13,0.87,False,25.91
27.0,9.05,0.01,8,0.01,3.18,0.99,4.0,3.87,0.25,False,17.12
19.7,13.08,0.24,2,0.12,6.09,0.71,1.26,287.14,1.01,False,493.79
22.7,17.09,0.3,0,0.04,5.42,0.97,1.3,0.57,0.82,False,124.03
21.5,8.78,0.13,6,0.11,4.35,0.98,2.11,76.79,0.51,False,215.55
24.1,10.42,0.38,6,0.0,7.0,0.49,1.17,312.25,1.3,False,65.09
23.1,4.96,0.17,6,0.11,4.78,1.05,1.69,85.91,0.61,False,103.17
22.7,14.12,0.41,0,0.15,4.6,1.03,1.78,251.67,0.59,False,124.03
19.9,28.2,0.05,2,0.03,6.1,0.44,1.39,346.54,1.12,True,450.34
21.1,19.06,0.3,6,0.03,4.84,0.95,1.67,340.25,0.66,True,259.14
25.66,7.95,0.07,6,0.02,6.05,0.85,1.16,71.15,0.98,False,31.68
19.1,20.95,0.2,0,0.07,7.44,0.4,1.12,295.07,1.49,False,650.94
21.7,7.91,0.33,1,0.02,5.89,0.75,1.32,189.06,0.94,True,196.58
21.0,11.99,0.26,1,0.26,4.01,1.04,2.41,248.24,0.44,False,271.36
19.8,16.92,0.33,1,0.07,4.45,1.06,1.89,91.85,0.55,False,471.57
19.8,16.92,0.33,1,0.07,4.45,1.06,1.89,311.72,0.55,False,471.57
21.7,7.91,0.33,1,0.02,5.89,0.75,1.32,16.61,0.94,True,196.58
19.9,10.96,0.2,0,0.19,6.55,0.58,1.22,185.77,1.16,False,450.34
24.5,15.04,0.18,6,0.02,6.46,0.67,1.17,310.3,1.12,False,54.14
20.6,10.54,0.24,5,0.13,5.25,0.77,1.61,353.94,0.76,False,326.24
21.7,31.56,0.43,6,0.02,3.68,0.64,3.1,231.52,0.39,True,196.58
24.16,12.41,0.25,7,0.07,6.86,0.62,1.09,334.23,1.25,False,63.35
21.8,9.17,0.31,1,0.1,6.0,0.62,1.38,5.85,0.98,False,187.73
22.0,16.61,0.15,0,0.07,5.44,0.66,1.6,354.42,0.82,False,171.22
25.6,15.42,0.36,6,0.01,5.68,0.89,1.29,39.32,0.87,False,32.62
24.18,4.1,0.15,0,0.03,6.06,0.9,1.11,297.53,0.98,False,62.65
24.2,4.1,0.15,0,0.03,6.06,0.9,1.11,331.49,0.98,False,62.16
21.0,16.18,0.25,1,0.04,3.47,0.97,3.37,33.46,0.31,True,271.36
20.5,12.44,0.35,1,0.13,4.79,1.04,1.64,107.31,0.64,False,341.62
19.4,10.26,0.2,0,0.1,6.56,0.66,1.14,312.68,1.15,False,566.95
22.6,8.59,0.14,4,0.03,4.42,0.93,2.08,142.17,0.53,False,129.88
26.3,7.78,0.07,6,0.01,5.82,0.84,1.27,17.03,0.91,False,23.63
21.2,15.24,0.42,1,0.07,5.38,0.97,1.3,103.11,0.81,False,247.48
24.5,15.01,0.04,7,0.04,6.39,0.52,1.32,233.11,1.12,False,54.14
20.6,18.37,0.06,7,0.05,3.49,1.0,3.09,224.49,0.34,False,326.24
20.9,11.13,0.28,0,0.17,5.05,1.09,1.42,334.59,0.7,False,284.15
26.6,6.28,0.02,5,0.01,6.46,0.77,1.07,179.06,1.11,False,20.58
26.3,12.41,0.02,7,0.0,5.55,0.68,1.53,176.51,0.85,False,23.63
21.2,14.16,0.18,2,0.06,6.19,0.78,1.15,32.41,1.04,False,247.48
25.2,16.52,0.29,3,0.01,5.32,0.83,1.53,86.71,0.77,False,39.22
27.3,4.78,0.12,6,0.0,5.89,0.86,1.22,339.49,0.93,False,14.91
19.8,10.85,0.34,0,0.06,6.53,0.66,1.15,176.97,1.14,False,471.57
19.4,20.11,0.08,0,0.01,4.39,0.52,2.37,345.61,0.57,True,566.95
25.5,4.57,0.01,3,0.0,5.17,0.98,1.48,359.56,0.72,False,34.16
23.8,7.7,0.09,7,0.05,5.96,0.85,1.19,193.79,0.96,False,74.74
22.4,4.49,0.33,4,0.24,4.79,1.21,1.55,32.75,0.61,False,142.41
25.64,8.86,0.37,6,0.01,6.44,0.54,1.28,275.22,1.13,False,31.98
20.2,10.69,0.18,1,0.14,4.82,1.15,1.53,132.21,0.63,False,392.23
21.3,9.98,0.22,2,0.0,4.29,0.77,2.33,324.25,0.51,True,236.34
21.5,14.4,0.31,2,0.08,5.95,0.91,1.12,221.2,0.96,False,215.55
20.1,19.81,0.13,1,0.08,5.36,0.99,1.24,191.21,0.84,False,410.72
26.6,7.76,0.1,6,0.01,6.58,0.66,1.14,73.72,1.16,False,20.58
19.0,15.52,0.15,0,0.05,3.61,0.79,3.16,336.45,0.36,True,681.62
26.5,7.91,0.44,6,0.02,5.29,0.97,1.42,89.34,0.76,False,21.55
25.19,11.02,0.34,6,0.02,6.82,0.57,1.13,217.82,1.25,False,39.46
20.7,13.75,0.26,0,0.14,4.91,0.98,1.64,217.17,0.66,False,311.56
24.3,8.62,0.3,6,0.02,6.71,0.69,1.07,65.19,1.19,False,59.37
24.0,14.67,0.37,4,0.01,5.52,0.96,1.3,335.69,0.82,False,68.16
21.5,16.19,0.19,2,0.03,5.79,0.94,1.14,142.26,0.93,True,215.55
21.2,24.64,0.38,1,0.08,3.74,0.81,2.97,114.0,0.38,False,247.48
20.22,16.01,0.15,4,0.02,3.21,0.91,3.94,21.33,0.26,True,387.92
24.7,8.73,0.15,2,0.04,6.22,0.81,1.13,276.3,1.03,False,49.38
19.8,30.82,0.38,1,0.06,4.84,0.75,1.76,231.48,0.7,False,471.57
24.0,12.19,0.18,7,0.02,4.23,0.93,2.29,100.33,0.48,False,68.16
19.5,28.02,0.12,5,0.01,4.64,0.16,2.33,223.35,0.71,True,541.43
22.6,18.94,0.5,6,0.07,3.53,1.09,3.21,20.33,0.31,False,129.58
18.9,14.5,0.31,0,0.07,3.33,1.06,3.66,79.0,0.27,False,713.74
24.6,5.29,0.1,6,0.03,5.74,0.82,1.32,11.26,0.89,False,51.71
22.3,14.92,0.27,4,0.0,3.24,0.64,3.85,243.55,0.29,False,149.12
26.1,7.03,0.35,1,0.0,5.68,0.81,1.36,127.13,0.87,False,25.91
20.5,9.75,0.17,7,0.16,3.36,1.13,3.5,134.13,0.28,False,341.62
21.4,19.33,0.25,2,0.01,4.16,0.81,2.44,28.73,0.47,True,225.71
24.3,12.89,0.37,1,0.0,6.77,0.65,1.09,203.09,1.22,False,59.37
24.3,13.55,0.22,7,0.08,6.64,0.62,1.13,243.81,1.2,False,59.37
19.5,10.91,0.35,1,0.02,6.16,0.55,1.37,334.24,1.05,True,541.43
19.5,10.91,0.35,1,0.02,6.16,0.55,1.37,183.95,1.05,True,541.43
22.8,16.76,0.21,7,0.06,5.38,0.73,1.58,54.73,0.79,False,118.45
20.6,18.57,0.24,0,0.2,7.58,0.22,1.24,301.48,1.58,False,326.24
19.9,21.24,0.16,6,0.11,3.37,0.79,3.48,7.79,0.32,False,450.34
20.5,14.07,0.15,1,0.13,4.79,1.04,1.64,107.31,0.64,False,341.62
20.3,8.76,0.14,4,0.09,4.78,0.8,1.9,3.34,0.63,False,374.58
19.1,21.7,0.13,0,0.06,4.28,0.63,2.42,312.19,0.52,False,650.94
19.3,21.7,0.13,0,0.06,4.28,0.63,2.42,57.02,0.52,False,593.67
23.78,9.32,0.27,6,0.06,5.53,1.06,1.2,305.27,0.82,False,75.46
20.5,4.84,0.39,0,0.23,3.42,1.21,3.38,145.02,0.28,False,341.62
20.6,15.37,0.08,0,0.01,5.53,0.47,1.71,181.16,0.87,True,326.24
23.0,4.48,0.21,0,0.11,4.33,1.11,2.07,235.47,0.49,False,108.03
20.4,11.93,0.16,0,0.13,4.5,0.91,1.99,253.52,0.56,False,357.72
20.3,25.1,0.39,5,0.01,3.3,0.97,3.42,279.93,0.3,True,374.58
22.4,10.0,0.44,4,0.0,5.83,0.66,1.42,121.13,0.93,False,142.41
20.1,18.11,0.26,5,0.17,4.16,0.43,2.61,55.61,0.53,False,410.72
24.18,4.7,0.14,0,0.03,6.06,0.9,1.11,297.53,0.98,False,62.65
24.2,4.7,0.14,0,0.03,6.06,0.9,1.11,331.49,0.98,False,62.16
24.4,12.44,0.06,6,0.01,7.18,0.51,1.1,315.96,1.37,False,56.69
19.3,11.07,0.24,0,0.0,5.31,0.96,1.42,154.02,0.76,True,593.67
22.6,13.67,0.07,8,0.07,7.64,0.42,1.06,174.41,1.54,False,129.88
20.6,19.77,0.13,1,0.01,3.99,0.7,2.69,168.94,0.45,True,326.24
19.5,19.49,0.45,1,0.09,7.06,0.16,1.42,219.11,1.41,False,541.43
21.6,6.91,0.3,3,0.08,5.7,0.87,1.29,85.44,0.88,False,205.85
24.2,11.52,0.21,6,0.08,3.33,1.06,3.64,73.96,0.27,False,62.16
19.7,19.49,0.45,1,0.09,7.06,0.16,1.42,141.99,1.41,False,493.79
21.4,10.17,0.1,1,0.0,7.76,0.43,1.04,74.74,1.56,True,225.71
21.49,12.2,0.39,5,0.07,6.7,0.54,1.21,38.26,1.21,False,216.14
19.0,11.65,0.35,0,0.26,5.59,0.61,1.55,162.92,0.88,False,681.62
21.1,16.04,0.04,0,0.04,6.78,0.47,1.23,348.09,1.26,True,259.14
21.1,16.04,0.04,0,0.04,6.78,0.47,1.23,239.22,1.26,True,259.14
21.0,7.83,0.2,0,0.02,5.48,0.76,1.5,238.08,0.82,True,271.36
20.8,27.11,0.45,6,0.02,5.66,0.44,1.62,315.39,0.94,True,297.54
20.9,10.86,0.39,5,0.23,4.03,1.21,2.27,69.13,0.43,False,284.15
22.9,13.38,0.32,2,0.0,5.6,0.54,1.61,305.75,0.88,False,113.12
26.3,17.97,0.47,6,0.02,4.84,1.01,1.66,65.11,0.64,False,23.63
21.3,21.1,0.47,0,0.0,5.15,0.48,1.89,168.26,0.76,True,236.34
19.0,15.95,0.19,0,0.15,4.38,0.8,2.22,61.92,0.53,False,681.62
20.8,23.41,0.45,1,0.24,5.17,0.72,1.68,139.83,0.75,False,297.54
26.7,14.26,0.3,7,0.02,7.15,0.63,1.0,267.14,1.34,False,19.66
26.29,10.22,0.31,5,0.01,6.55,0.65,1.16,283.95,1.15,False,23.79
21.2,21.15,0.45,1,0.05,6.58,0.33,1.41,13.68,1.22,False,247.48
20.4,17.97,0.03,6,0.02,4.52,0.69,2.15,40.3,0.58,True,357.72
22.0,30.06,0.39,7,0.02,3.4,0.71,3.53,2.05,0.32,True,171.22
19.8,11.5,0.29,2,0.19,7.46,0.65,0.89,91.87,1.45,False,471.57
20.0,14.99,0.32,0,0.2,5.18,0.65,1.75,141.69,0.75,False,430.07
21.0,15.78,0.1,2,0.04,5.83,0.67,1.4,316.92,0.94,True,271.36
21.2,16.94,0.44,4,0.13,6.47,0.44,1.35,50.09,1.17,False,247.48
20.2,14.99,0.32,0,0.2,5.18,0.65,1.75,82.43,0.75,False,392.23
21.0,17.76,0.45,1,0.18,5.42,0.37,1.8,265.86,0.87,False,271.36
21.7,7.47,0.3,1,0.02,5.89,0.75,1.32,189.06,0.94,True,196.58
22.8,6.61,0.46,1,0.18,4.86,1.12,1.56,78.21,0.64,False,118.45
20.1,17.7,0.35,0,0.11,5.14,0.59,1.79,106.84,0.76,False,410.72
26.3,8.54,0.02,4,0.0,6.43,0.67,1.19,329.5,1.11,False,23.63
25.1,7.98,0.38,6,0.0,5.53,0.72,1.5,180.05,0.84,False,41.07
21.7,7.47,0.3,1,0.02,5.89,0.75,1.32,16.61,0.94,True,196.58
20.8,28.6,0.18,7,0.06,4.65,0.4,2.25,33.33,0.65,False,297.54
20.0,11.03,0.26,2,0.03,6.96,0.6,1.07,175.05,1.29,True,430.07
21.7,12.82,0.37,6,0.23,5.1,1.21,1.26,233.25,0.72,False,196.58
20.9,29.21,0.29,4,0.09,4.69,0.86,1.71,269.51,0.68,False,284.15
24.0,23.62,0.46,7,0.06,6.66,0.53,1.22,155.66,1.2,False,68.16
21.2,15.96,0.39,0,0.06,5.41,0.98,1.32,322.73,0.8,False,247.48
24.2,16.81,0.37,7,0.02,7.07,0.63,1.01,102.24,1.33,False,62.16
21.8,7.3,0.21,5,0.18,4.46,1.16,1.87,7.66,0.53,False,187.73
20.1,9.23,0.14,1,0.06,4.39,0.83,2.2,317.74,0.53,False,410.72
22.8,11.31,0.3,6,0.05,6.71,0.42,1.31,140.2,1.22,False,118.45
20.3,11.71,0.21,0,0.02,4.63,0.81,1.97,131.11,0.6,True,374.58
28.8,8.79,0.07,7,0.0,6.75,0.67,1.08,98.78,1.21,False,7.47
21.2,8.04,0.41,0,0.06,4.95,0.84,1.73,167.94,0.67,False,247.48
24.0,11.99,0.1,8,0.01,7.06,0.54,1.11,130.44,1.32,False,68.16
25.0,11.13,0.28,5,0.0,5.06,0.66,1.82,148.45,0.71,False,43.01
23.0,24.14,0.44,6,0.06,7.3,0.5,1.06,182.48,1.43,False,108.03
28.6,29.39,0.47,8,0.0,4.14,0.71,2.52,23.67,0.48,False,8.19
26.7,15.4,0.42,4,0.0,6.55,0.59,1.21,258.29,1.15,False,19.66
22.5,17.47,0.32,6,0.07,5.32,0.82,1.54,199.24,0.77,False,136.0
18.6,13.45,0.14,0,0.02,3.84,0.96,2.75,106.44,0.39,True,819.49
21.6,13.27,0.37,2,0.07,6.72,0.36,1.36,237.12,1.24,False,205.85
21.8,12.06,0.34,2,0.14,6.15,0.67,1.26,334.63,1.04,False,187.73
25.62,9.66,0.17,6,0.05,6.35,0.68,1.19,291.71,1.09,False,32.33
19.6,9.75,0.03,0,0.03,3.56,1.03,3.15,33.84,0.33,True,517.06
19.2,22.17,0.4,0,0.22,4.63,1.03,1.6,153.38,0.65,False,621.65
20.0,19.9,0.06,0,0.03,3.61,0.67,3.19,336.06,0.37,True,430.07
21.4,7.12,0.04,0,0.02,4.65,0.93,1.9,306.72,0.58,True,225.71
21.2,12.69,0.42,0,0.03,6.93,0.62,1.07,293.79,1.28,True,247.48
21.4,21.77,0.42,4,0.03,3.22,0.98,3.79,349.27,0.27,True,225.71
25.4,7.04,0.39,3,0.0,5.26,0.91,1.49,131.0,0.75,False,35.77
28.3,17.21,0.44,5,0.0,6.35,0.8,1.09,313.61,1.07,False,9.41
24.5,7.16,0.02,9,0.01,3.63,1.0,3.07,5.94,0.34,False,54.14
21.2,15.2,0.32,0,0.03,6.74,0.71,1.03,74.05,1.21,True,247.48
19.7,11.71,0.27,0,0.28,4.5,1.17,1.76,63.32,0.55,False,493.79
20.6,12.5,0.14,2,0.12,5.88,0.87,1.19,147.02,0.94,False,326.24
20.8,5.98,0.32,1,0.19,3.93,1.18,2.48,123.17,0.4,False,297.54
23.9,5.28,0.27,0,0.13,4.33,1.13,2.04,43.48,0.49,False,71.37
21.8,10.8,0.22,2,0.08,5.29,1.05,1.33,69.72,0.76,False,187.73
22.3,13.41,0.3,3,0.2,6.21,0.71,1.21,193.1,1.05,False,149.12
20.6,23.91,0.06,9,0.02,5.08,0.32,2.01,321.11,0.78,True,326.24
19.4,14.45,0.29,0,0.23,5.33,0.7,1.62,246.49,0.79,False,566.95
26.0,20.95,0.31,7,0.0,3.6,0.89,3.17,100.05,0.34,False,27.14
21.7,26.59,0.39,2,0.09,6.63,0.44,1.3,186.17,1.21,False,196.58
20.3,19.77,0.39,0,0.03,6.92,0.58,1.11,274.79,1.27,True,374.58
21.6,15.19,0.28,7,0.14,5.39,0.79,1.49,274.5,0.81,False,205.85
22.6,7.91,0.26,5,0.06,5.56,1.02,1.21,264.6,0.84,False,129.88
22.7,8.62,0.04,6,0.03,3.43,1.02,3.44,174.39,0.3,False,124.03
19.0,19.33,0.27,4,0.07,3.4,0.58,3.37,226.0,0.36,False,681.62
20.5,19.77,0.39,0,0.03,6.92,0.58,1.11,62.29,1.27,True,341.62
21.4,19.42,0.47,4,0.13,4.8,1.03,1.66,190.85,0.63,False,225.71
21.5,12.09,0.2,4,0.13,4.04,0.99,2.47,8.2,0.43,False,215.55
25.79,14.78,0.26,6,0.02,6.35,0.67,1.2,282.68,1.09,False,29.85
19.4,10.94,0.49,0,0.05,5.18,0.85,1.56,104.39,0.74,True,566.95
23.2,5.21,0.02,0,0.02,5.57,0.99,1.24,92.49,0.84,False,98.52
22.8,5.04,0.35,2,0.14,5.27,1.08,1.32,91.0,0.75,False,118.45
23.0,4.73,0.35,1,0.02,5.02,0.95,1.61,272.77,0.68,False,108.03
21.7,8.09,0.18,5,0.0,5.34,0.67,1.65,234.15,0.79,True,196.58
24.9,6.59,0.43,6,0.01,4.9,0.83,1.79,314.28,0.66,False,45.03
21.8,11.16,0.33,1,0.1,6.0,0.62,1.38,5.85,0.98,False,187.73
21.9,13.58,0.06,1,0.01,5.24,0.72,1.66,288.81,0.76,True,179.28
23.7,10.15,0.16,6,0.01,7.24,0.57,1.03,333.58,1.38,False,78.26
21.6,10.66,0.18,3,0.08,5.7,0.87,1.29,85.44,0.88,False,205.85
25.9,8.29,0.36,6,0.01,5.87,0.7,1.37,212.7,0.94,False,28.41
24.8,20.18,0.5,7,0.01,7.06,0.49,1.15,99.87,1.33,False,47.16
20.6,12.15,0.28,2,0.18,4.81,1.15,1.54,193.66,0.63,False,326.24
20.3,16.3,0.39,3,0.09,4.77,0.98,1.75,149.01,0.62,False,374.58
26.9,5.67,0.05,7,0.03,6.06,0.84,1.17,264.44,0.98,False,17.93
22.2,8.92,0.43,8,0.03,5.6,0.76,1.44,298.1,0.85,False,156.15
21.7,6.16,0.07,7,0.07,3.64,1.05,3.04,61.98,0.34,False,196.58
22.7,17.04,0.43,2,0.07,6.47,0.58,1.25,246.03,1.13,False,124.03
22.5,10.15,0.03,8,0.03,5.06,1.02,1.49,346.19,0.7,False,136.0
18.7,14.36,0.25,0,0.09,3.45,0.78,3.42,323.26,0.32,False,782.6
19.6,2.32,0.49,0,0.23,3.38,1.22,3.49,10.25,0.27,False,517.06
25.5,19.77,0.36,7,0.01,7.82,0.42,1.04,225.46,1.59,False,34.16
21.3,10.47,0.26,1,0.08,3.82,1.1,2.72,299.76,0.37,False,236.34
26.3,8.17,0.47,6,0.0,5.63,0.79,1.39,125.09,0.87,False,23.63
21.9,16.21,0.25,3,0.04,6.15,0.85,1.07,247.12,1.05,True,179.28
18.8,11.8,0.06,0,0.06,3.83,0.9,2.79,73.44,0.39,False,747.38
18.6,13.63,0.1,1,0.03,6.4,0.74,1.11,1.91,1.11,True,819.49
24.4,10.78,0.1,7,0.08,6.78,0.63,1.09,355.48,1.23,False,56.69
20.19,6.37,0.01,0,0.0,5.52,0.9,1.36,101.7,0.82,True,394.04
18.7,11.35,0.43,0,0.24,3.86,1.14,2.51,69.32,0.4,False,782.6
19.9,12.65,0.38,0,0.08,6.42,0.55,1.29,169.39,1.12,False,450.34
24.0,6.71,0.44,0,0.07,5.07,1.05,1.49,68.12,0.69,False,68.16
24.7,7.83,0.44,7,0.01,4.87,1.0,1.64,27.66,0.65,False,49.38
19.5,29.07,0.48,1,0.1,4.54,0.85,1.68,327.49,0.69,False,541.43
20.2,11.33,0.38,0,0.02,6.68,0.52,1.24,309.93,1.2,True,392.23
18.8,15.82,0.3,1,0.02,7.06,0.59,1.06,212.28,1.31,True,747.38
25.7,18.36,0.31,8,0.04,7.7,0.43,1.04,183.98,1.56,False,31.16
21.9,23.73,0.34,0,0.02,6.83,0.45,1.25,315.47,1.26,True,179.28
24.4,10.26,0.06,7,0.01,8.15,0.32,1.06,264.64,1.72,False,56.69
19.7,11.52,0.15,0,0.15,3.65,1.03,2.98,126.73,0.35,False,493.79
21.6,19.25,0.07,9,0.07,4.14,0.85,2.32,334.01,0.49,False,205.85
24.2,13.19,0.3,1,0.02,6.13,0.87,1.11,142.72,1.0,False,62.16
18.6,28.79,0.29,0,0.03,5.21,0.49,1.85,106.78,0.78,True,819.49
18.9,25.65,0.2,0,0.05,4.36,0.53,2.41,356.02,0.55,False,713.74
24.8,12.43,0.2,7,0.03,6.92,0.62,1.08,233.4,1.27,False,47.16
24.5,9.5,0.05,7,0.02,4.99,1.02,1.55,102.24,0.68,False,54.14
23.2,13.49,0.38,6,0.06,6.59,0.61,1.18,24.69,1.16,False,98.52
24.3,16.23,0.35,5,0.01,5.9,0.85,1.22,27.99,0.93,False,59.37
18.6,13.35,0.38,0,0.0,5.51,0.45,1.72,6.12,0.87,True,819.49
21.5,10.0,0.05,0,0.01,3.78,0.94,2.86,288.22,0.38,True,215.55
21.2,13.86,0.25,1,0.2,6.82,0.42,1.27,145.63,1.27,False,247.48
22.0,8.52,0.22,0,0.07,5.44,0.66,1.6,354.42,0.82,False,171.22
24.3,9.17,0.09,6,0.0,5.81,0.91,1.2,207.1,0.91,False,59.37
30.6,16.2,0.41,5,0.0,6.41,0.83,1.04,126.77,1.09,False,3.26
25.7,19.31,0.43,6,0.02,6.41,0.74,1.13,207.6,1.09,False,31.16
20.9,22.12,0.17,0,0.1,4.88,0.68,1.87,94.67,0.68,False,284.15
23.4,20.52,0.33,7,0.0,7.86,0.41,1.04,76.13,1.6,False,89.86
24.5,16.09,0.36,7,0.03,4.38,0.98,2.11,100.18,0.51,False,54.14
24.0,6.99,0.06,6,0.04,6.66,0.74,1.04,245.7,1.18,False,68.16
20.6,14.77,0.4,1,0.05,5.03,1.03,1.45,165.44,0.71,False,326.24
21.6,7.25,0.48,2,0.16,4.76,1.06,1.69,259.57,0.61,False,205.85
24.2,24.25,0.46,6,0.06,6.4,0.63,1.23,227.31,1.1,False,62.16
22.2,6.87,0.44,4,0.24,4.04,1.09,2.39,294.01,0.43,False,156.15
22.82,5.68,0.1,6,0.05,4.74,1.02,1.76,304.08,0.6,False,117.37
19.1,18.26,0.5,0,0.11,6.46,0.23,1.53,23.59,1.2,False,650.94
22.6,16.18,0.36,8,0.05,7.02,0.37,1.24,97.8,1.35,False,129.88
19.1,8.04,0.19,0,0.03,5.45,0.78,1.5,191.38,0.81,True,650.94
22.1,14.87,0.04,0,0.01,4.89,0.62,1.95,352.32,0.68,True,163.51
22.2,11.55,0.08,0,0.01,5.14,0.82,1.65,279.0,0.72,False,156.15
21.3,14.53,0.16,6,0.02,5.71,0.96,1.16,311.36,0.9,True,236.34
23.8,6.67,0.27,7,0.05,5.96,0.85,1.19,193.79,0.96,False,74.74
26.1,5.61,0.11,4,0.04,5.7,0.98,1.19,238.31,0.87,False,25.91
23.1,19.6,0.45,4,0.0,4.56,0.96,1.96,14.07,0.56,False,103.17
20.3,20.27,0.3,0,0.1,5.78,0.61,1.48,219.82,0.92,False,374.58
19.8,9.98,0.47,0,0.13,5.41,0.86,1.44,270.75,0.8,False,471.57
20.8,8.77,0.05,0,0.04,4.88,0.96,1.68,174.51,0.65,True,297.54
23.5,8.59,0.25,5,0.04,6.43,0.6,1.25,100.38,1.11,False,85.81
19.3,30.05,0.37,0,0.03,5.51,0.86,1.25,19.87,0.91,True,593.67
21.2,6.05,0.4,0,0.06,5.03,1.04,1.53,294.25,0.68,False,247.48
25.6,5.97,0.19,7,0.02,6.07,0.73,1.26,243.77,0.99,False,32.62
21.1,19.3,0.46,2,0.21,6.7,0.23,1.44,115.47,1.28,False,259.14
25.1,8.29,0.06,6,0.05,6.49,0.72,1.11,136.59,1.13,False,41.07
22.1,9.86,0.32,2,0.1,6.2,0.59,1.33,11.84,1.05,False,163.51
20.5,20.4,0.28,1,0.17,5.7,0.51,1.59,221.22,0.91,False,341.62
20.7,20.49,0.44,4,0.17,3.93,0.97,2.52,198.88,0.43,False,311.56
20.6,20.4,0.28,1,0.17,5.7,0.51,1.59,44.07,0.91,False,326.24
24.2,8.26,0.07,7,0.03,5.85,0.97,1.12,241.07,0.93,False,62.16
18.6,21.57,0.43,0,0.2,4.04,1.02,2.34,18.25,0.45,False,819.49
23.0,15.15,0.05,8,0.01,7.95,0.36,1.05,160.21,1.66,False,108.03
21.6,22.37,0.32,7,0.06,6.32,0.62,1.22,239.73,1.11,False,205.85
26.3,15.25,0.49,6,0.0,7.89,0.42,1.02,156.25,1.61,False,23.63
24.82,5.48,0.08,6,0.04,5.69,0.95,1.23,214.18,0.87,False,46.7
18.9,16.16,0.41,0,0.17,6.53,0.44,1.33,236.34,1.19,False,713.74
21.5,20.34,0.31,2,0.06,4.31,0.87,2.25,321.8,0.51,False,215.55
22.5,20.48,0.21,1,0.04,6.03,0.53,1.45,334.88,1.0,False,136.0
22.1,21.44,0.4,6,0.17,6.75,0.53,1.17,135.06,1.25,False,163.51
21.9,6.66,0.15,0,0.07,5.42,0.82,1.48,19.33,0.8,False,179.28
21.8,2.51,0.32,4,0.26,3.34,1.24,3.59,237.97,0.26,False,187.73
18.7,7.52,0.4,0,0.1,5.26,0.97,1.42,359.84,0.75,False,782.6
24.3,5.6,0.19,1,0.0,5.85,0.83,1.26,106.6,0.92,False,59.37
27.3,5.06,0.19,7,0.0,6.43,0.77,1.09,192.28,1.1,False,14.91
22.9,4.82,0.14,0,0.13,3.81,1.13,2.72,190.39,0.37,False,113.12
22.3,7.42,0.32,1,0.03,5.79,0.77,1.35,165.6,0.91,False,149.12
22.2,17.31,0.05,6,0.04,4.65,0.76,1.96,18.37,0.62,False,156.15
20.8,12.4,0.2,0,0.01,3.88,1.02,2.68,317.64,0.39,True,297.54
27.7,10.7,0.14,7,0.0,5.53,0.88,1.37,269.33,0.82,False,12.4
23.1,16.52,0.45,6,0.16,5.34,1.1,1.23,255.28,0.78,False,103.17
27.2,27.1,0.48,7,0.0,4.77,0.72,1.97,44.18,0.63,False,15.62
22.2,4.08,0.22,1,0.14,4.3,1.14,2.07,211.55,0.49,False,156.15
22.5,2.68,0.18,1,0.16,5.23,1.15,1.29,275.17,0.73,False,136.0
22.6,18.99,0.32,6,0.06,4.27,0.88,2.28,288.92,0.5,False,129.88
22.8,24.96,0.31,6,0.05,6.71,0.42,1.31,140.2,1.22,False,118.45
22.4,13.24,0.45,5,0.15,3.86,1.14,2.63,250.59,0.38,False,142.41
19.2,12.32,0.23,0,0.07,4.7,0.7,2.01,309.16,0.62,False,621.65
19.3,14.1,0.14,0,0.0,3.99,0.95,2.54,163.96,0.43,True,593.67
22.4,17.93,0.15,1,0.0,7.73,0.31,1.15,160.61,1.58,False,142.41
22.6,14.22,0.34,6,0.01,6.88,0.3,1.36,105.1,1.3,False,129.88
24.2,13.9,0.31,6,0.04,5.12,0.96,1.54,183.18,0.71,False,62.16
20.6,12.98,0.44,0,0.15,6.34,0.45,1.4,140.59,1.11,False,326.24
19.2,7.83,0.39,0,0.05,6.76,0.66,1.07,87.3,1.22,False,621.65
22.0,22.15,0.36,7,0.06,5.36,0.79,1.51,318.67,0.8,False,171.22
25.4,15.47,0.37,6,0.0,6.12,0.88,1.09,292.48,1.01,False,35.77
19.2,24.13,0.35,1,0.21,3.44,0.63,3.26,110.21,0.36,False,621.65
28.6,13.77,0.16,6,0.0,7.65,0.26,1.21,249.4,1.56,False,8.19
19.2,7.83,0.39,0,0.05,6.76,0.66,1.07,216.52,1.22,False,621.65
19.9,21.0,0.27,0,0.01,6.16,0.6,1.33,157.04,1.04,True,450.34
20.8,8.41,0.16,0,0.05,5.97,0.71,1.31,261.35,0.97,False,297.54
20.2,7.37,0.23,1,0.18,3.45,1.19,3.31,33.76,0.29,False,392.23
22.4,13.83,0.34,2,0.03,5.98,0.91,1.12,207.98,0.96,False,142.41
27.5,2.95,0.06,3,0.02,5.68,1.02,1.16,314.51,0.86,False,13.6
27.5,5.38,0.12,1,0.02,6.05,0.82,1.19,182.41,0.98,False,13.6
20.2,15.4,0.44,0,0.02,6.68,0.52,1.24,309.93,1.2,True,392.23
27.6,5.31,0.05,6,0.0,5.55,0.88,1.36,239.89,0.83,False,12.99
21.0,24.43,0.39,1,0.1,6.47,0.5,1.32,36.17,1.14,False,271.36
25.65,8.78,0.05,5,0.01,6.57,0.62,1.17,191.22,1.16,False,31.87
19.4,11.05,0.46,1,0.05,6.54,0.46,1.31,35.82,1.18,False,566.95
22.4,23.19,0.48,1,0.05,5.97,0.5,1.48,214.27,1.01,False,142.41
19.1,17.95,0.4,0,0.06,4.28,0.63,2.42,312.19,0.52,False,650.94
19.3,17.95,0.4,0,0.06,4.28,0.63,2.42,57.02,0.52,False,593.67
18.7,14.06,0.43,0,0.13,3.41,1.14,3.45,335.28,0.28,False,782.6
19.1,16.77,0.38,0,0.04,4.82,0.86,1.71,358.73,0.68,True,650.94
23.8,15.97,0.44,5,0.02,5.75,0.95,1.2,113.17,0.89,False,74.74
20.9,27.06,0.35,0,0.03,5.15,0.56,1.8,164.49,0.77,True,284.15
22.48,18.64,0.12,6,0.02,6.71,0.41,1.32,206.31,1.23,False,137.45
27.7,6.38,0.46,6,0.0,4.27,0.86,2.3,263.08,0.5,False,12.4
25.6,8.63,0.06,7,0.01,5.93,0.79,1.26,113.56,0.95,False,32.62
23.1,8.94,0.06,4,0.05,5.27,0.98,1.41,81.4,0.75,False,103.17
21.8,11.28,0.34,1,0.1,6.0,0.62,1.38,5.85,0.98,False,187.73
19.5,25.7,0.11,0,0.01,3.59,0.86,2.85,264.94,0.39,True,541.43
20.3,8.83,0.1,0,0.09,4.94,1.09,1.51,200.53,0.66,False,374.58
20.7,13.86,0.33,2,0.15,5.72,0.48,1.6,95.29,0.93,False,311.56
26.5,8.72,0.09,7,0.02,6.08,0.8,1.19,169.31,1.0,False,21.55
26.6,8.87,0.29,0,0.0,6.64,0.69,1.09,136.99,1.17,False,20.58
24.0,10.75,0.22,0,0.0,6.53,0.83,0.99,246.77,1.13,False,68.16
19.1,8.13,0.08,0,0.05,3.34,1.05,3.61,288.3,0.28,True,650.94
22.1,11.96,0.11,0,0.08,5.04,0.98,1.52,87.03,0.7,False,163.51
21.6,16.92,0.09,1,0.03,4.29,0.58,2.45,95.28,0.53,True,205.85
24.1,4.42,0.34,4,0.03,5.01,1.03,1.55,330.93,0.67,False,65.09
20.3,21.8,0.32,3,0.25,4.68,0.62,2.07,299.7,0.63,False,374.58
22.5,15.49,0.38,7,0.11,4.32,1.11,2.03,249.01,0.5,False,136.0
21.4,15.79,0.04,0,0.02,4.57,0.67,2.15,105.11,0.59,True,225.71
25.5,5.85,0.2,6,0.0,5.96,0.78,1.26,255.78,0.96,False,34.16
22.2,7.82,0.14,5,0.01,6.34,0.85,1.04,292.22,1.08,False,156.15
26.9,4.74,0.04,7,0.03,6.06,0.84,1.17,264.44,0.98,False,17.93
25.4,10.7,0.21,4,0.01,5.83,0.89,1.21,229.84,0.91,False,35.77
24.79,22.04,0.4,7,0.01,6.18,0.65,1.29,284.85,1.04,False,47.46
24.2,8.2,0.02,7,0.0,6.0,0.74,1.28,352.99,0.97,False,62.16
24.7,16.53,0.39,7,0.0,5.0,0.97,1.61,250.7,0.67,False,49.38
21.0,14.41,0.18,1,0.04,5.92,0.68,1.34,213.04,0.97,True,271.36
21.5,14.18,0.27,7,0.13,6.86,0.53,1.16,239.01,1.27,False,215.55
21.6,21.01,0.41,5,0.13,5.27,0.78,1.55,128.62,0.78,False,205.85
19.9,29.06,0.17,3,0.01,4.17,0.95,2.0,206.99,0.55,True,450.34
22.1,16.67,0.42,2,0.1,6.2,0.59,1.33,11.84,1.05,False,163.51
20.8,18.99,0.38,5,0.26,4.87,0.67,1.9,253.9,0.68,False,297.54
18.9,15.48,0.13,0,0.11,4.79,0.69,1.94,106.5,0.65,False,713.74
22.6,16.49,0.22,7,0.03,5.44,0.86,1.41,60.66,0.81,False,129.88
28.66,7.36,0.5,4,0.0,4.99,0.92,1.66,75.39,0.67,False,7.95
24.8,5.79,0.02,8,0.02,4.06,1.02,2.44,14.87,0.43,False,47.16
18.8,18.75,0.41,0,0.22,4.86,1.22,1.33,135.96,0.68,False,747.38
23.0,18.77,0.37,6,0.03,6.9,0.61,1.07,33.86,1.28,False,108.03
18.8,18.75,0.41,1,0.23,4.86,1.22,1.33,48.98,0.68,False,747.38
22.7,18.24,0.47,2,0.0,6.48,0.77,1.07,188.11,1.12,False,124.03
22.7,12.75,0.23,7,0.04,4.33,1.03,2.1,227.96,0.5,False,124.03
22.2,20.43,0.39,0,0.01,7.08,0.59,1.03,359.28,1.34,True,156.15
22.7,13.94,0.13,1,0.01,7.47,0.44,1.1,312.24,1.47,False,124.03
27.4,5.69,0.1,6,0.01,6.56,0.76,1.05,323.72,1.14,False,14.24
25.5,14.59,0.31,8,0.0,4.3,0.98,2.18,6.89,0.5,False,34.16
20.0,6.46,0.25,0,0.16,4.44,1.15,1.9,338.54,0.53,False,430.07
25.1,17.39,0.38,4,0.0,6.29,0.8,1.11,128.48,1.06,False,41.07
27.2,7.99,0.2,7,0.01,6.14,0.76,1.2,190.75,1.02,False,15.62
24.6,3.47,0.16,2,0.06,5.61,1.06,1.16,323.85,0.84,False,51.71
20.2,16.39,0.12,2,0.07,6.34,0.61,1.25,30.46,1.1,False,392.23
21.1,10.6,0.21,5,0.07,4.68,0.69,2.05,165.0,0.61,False,259.14
25.5,10.64,0.23,7,0.02,4.9,1.0,1.64,10.81,0.65,False,34.16
20.6,11.8,0.41,6,0.28,3.28,1.23,3.54,219.55,0.27,False,326.24
22.7,9.57,0.03,0,0.0,6.86,0.61,1.1,204.3,1.25,False,124.03
24.3,18.34,0.39,2,0.0,6.14,0.79,1.18,150.3,1.01,False,59.37
24.7,6.96,0.17,6,0.03,6.74,0.68,1.07,82.41,1.21,False,49.38
18.8,21.37,0.5,0,0.03,5.51,0.46,1.72,263.71,0.86,True,747.38
20.0,10.9,0.22,1,0.18,4.19,1.16,2.11,356.71,0.47,False,430.07
23.2,7.45,0.21,6,0.0,4.81,0.79,1.88,291.37,0.64,False,98.52
25.4,8.9,0.25,5,0.0,5.24,0.72,1.65,278.98,0.76,False,35.77
20.3,8.98,0.22,0,0.19,3.59,1.12,3.02,213.72,0.33,False,374.58
21.2,11.78,0.22,2,0.02,5.86,0.9,1.18,207.21,0.93,True,247.48
24.4,5.49,0.25,6,0.01,5.72,0.91,1.25,184.19,0.88,False,56.69
19.9,18.26,0.3,1,0.08,4.31,0.9,2.21,247.83,0.51,False,450.34
24.8,3.78,0.12,4,0.02,5.63,0.99,1.21,241.27,0.85,False,47.16
20.1,15.64,0.48,8,0.04,4.51,0.89,1.95,28.87,0.58,True,410.72
20.1,28.66,0.28,0,0.02,5.47,0.42,1.77,165.14,0.86,True,410.72
23.7,14.19,0.0,0,0.01,3.21,0.85,3.93,186.72,0.27,False,78.26
20.1,21.46,0.25,4,0.02,3.4,0.86,3.48,90.03,0.31,True,410.72
26.69,7.28,0.26,3,0.0,6.02,0.74,1.27,87.31,0.98,False,19.73
20.7,32.19,0.1,1,0.02,4.96,0.19,2.15,30.02,0.78,True,311.56
18.9,19.41,0.39,1,0.1,4.48,1.08,1.79,254.73,0.57,False,713.74
21.96,13.28,0.23,7,0.0,5.01,0.47,1.98,61.72,0.73,True,174.48
25.0,8.78,0.02,9,0.02,3.88,0.98,2.68,9.12,0.4,False,43.01
26.0,5.1,0.0,6,0.0,6.37,0.81,1.07,189.05,1.08,False,27.14
19.4,12.97,0.23,2,0.1,4.31,0.76,2.3,284.07,0.52,False,566.95
19.7,9.84,0.24,3,0.2,7.95,0.36,1.06,158.73,1.65,False,493.79
19.3,22.99,0.29,5,0.05,2.98,0.83,3.98,173.05,0.26,True,593.67
24.6,10.78,0.04,8,0.03,4.16,1.01,2.27,7.61,0.47,False,51.71
19.5,14.04,0.3,0,0.11,6.25,0.65,1.25,305.67,1.06,False,541.43
21.5,14.97,0.29,6,0.07,4.09,0.69,2.58,341.09,0.47,False,215.55
19.5,26.23,0.28,7,0.22,3.07,1.21,3.33,302.49,0.29,False,541.43
22.3,14.35,0.42,2,0.05,6.14,0.47,1.45,177.54,1.05,False,149.12
20.7,9.27,0.17,1,0.06,4.21,1.02,2.26,321.99,0.47,False,311.56
18.9,20.34,0.33,1,0.28,3.97,1.07,2.21,84.11,0.47,False,713.74
21.2,17.11,0.42,0,0.16,6.22,0.64,1.26,313.54,1.07,False,247.48
26.6,17.41,0.36,6,0.0,5.48,0.89,1.38,125.65,0.81,False,20.58
26.4,7.55,0.35,6,0.0,5.47,0.75,1.51,201.59,0.82,False,22.57
22.6,11.83,0.12,7,0.02,5.7,0.8,1.36,224.01,0.88,False,129.88
21.7,8.43,0.17,0,0.05,5.12,0.94,1.55,340.52,0.71,True,196.58
19.5,15.09,0.33,1,0.02,6.16,0.55,1.37,334.24,1.05,True,541.43
19.8,11.6,0.36,2,0.19,7.46,0.65,0.89,91.87,1.45,False,471.57
21.1,23.61,0.34,6,0.25,4.97,0.55,1.89,118.77,0.73,False,259.14
21.3,17.11,0.42,0,0.16,6.22,0.64,1.26,20.25,1.07,False,236.34
18.9,20.34,0.33,1,0.28,3.97,1.07,2.21,271.17,0.47,False,713.74
19.5,15.09,0.33,1,0.02,6.16,0.55,1.37,183.95,1.05,True,541.43
18.7,6.86,0.32,0,0.18,5.52,0.83,1.4,252.63,0.83,False,782.6
25.3,4.52,0.14,5,0.0,5.98,0.82,1.21,8.33,0.96,False,37.46
24.7,18.68,0.44,7,0.02,5.19,0.95,1.5,40.16,0.73,False,49.38
19.1,19.62,0.43,1,0.28,3.75,0.57,2.97,2.06,0.42,False,650.94
22.9,8.75,0.17,3,0.16,6.25,0.68,1.23,357.5,1.05,False,113.12
20.7,9.68,0.29,0,0.15,5.21,1.01,1.41,73.68,0.74,False,311.56
22.4,13.09,0.47,1,0.02,5.87,0.43,1.59,205.69,0.97,False,142.41
22.2,10.43,0.35,1,0.01,5.49,0.51,1.7,12.28,0.85,False,156.15
25.8,11.68,0.35,6,0.01,5.74,1.0,1.14,339.24,0.89,False,29.75
26.7,4.54,0.06,6,0.0,5.55,0.89,1.35,19.81,0.83,False,19.66
22.6,20.56,0.42,5,0.01,6.68,0.67,1.09,51.71,1.19,False,129.88
24.4,20.21,0.49,6,0.01,7.18,0.51,1.1,315.96,1.37,False,56.69
21.4,26.48,0.42,1,0.02,7.02,0.48,1.16,139.34,1.33,True,225.71
22.0,22.62,0.46,5,0.01,6.37,0.69,1.19,355.86,1.09,True,171.22
21.6,20.05,0.15,1,0.04,6.31,0.6,1.26,84.22,1.1,True,205.85
25.8,21.5,0.46,6,0.02,5.79,0.81,1.31,333.49,0.9,False,29.75
19.9,12.81,0.09,0,0.08,6.42,0.55,1.29,169.39,1.12,False,450.34
22.2,17.1,0.37,2,0.14,5.23,1.11,1.27,224.92,0.76,False,156.15
24.7,13.19,0.37,2,0.02,5.77,0.96,1.17,32.77,0.9,False,49.38
20.4,11.66,0.42,1,0.04,5.33,0.94,1.39,205.38,0.78,True,357.72
21.0,26.51,0.48,0,0.01,5.53,0.81,1.39,62.25,0.86,True,271.36
19.4,24.71,0.47,1,0.21,8.09,0.36,1.04,171.61,1.7,False,566.95
24.4,8.16,0.15,0,0.06,4.03,1.05,2.46,25.42,0.42,False,56.69
23.7,25.0,0.47,7,0.08,6.75,0.58,1.13,336.22,1.24,False,78.26
26.6,18.18,0.22,7,0.0,4.99,0.74,1.81,217.25,0.69,False,20.58
19.0,14.94,0.16,0,0.11,6.6,0.44,1.31,117.91,1.2,False,681.62
20.3,27.42,0.4,6,0.24,3.16,0.89,3.59,300.71,0.29,False,374.58
22.3,16.6,0.39,1,0.12,5.46,1.06,1.19,331.81,0.83,False,149.12
22.4,7.19,0.13,4,0.13,6.32,0.71,1.18,177.85,1.07,False,142.41
22.6,11.45,0.24,2,0.16,5.95,0.78,1.25,325.23,0.96,False,129.88
20.6,31.75,0.46,1,0.07,3.46,0.66,3.43,218.86,0.34,False,326.24
20.8,21.9,0.25,3,0.04,3.98,0.79,2.66,58.23,0.44,True,297.54
28.1,3.52,0.13,4,0.0,5.79,0.86,1.26,79.45,0.9,False,10.32
24.6,20.57,0.31,0,0.0,5.01,0.74,1.79,205.08,0.69,False,51.71
25.1,16.17,0.39,6,0.05,6.49,0.72,1.11,136.59,1.13,False,41.07
24.3,11.38,0.08,7,0.06,7.4,0.46,1.09,190.44,1.44,False,59.37
22.3,18.13,0.39,7,0.03,3.53,1.03,3.22,86.48,0.32,False,149.12
21.2,9.89,0.44,0,0.0,5.69,0.62,1.51,37.17,0.89,True,247.48
20.3,6.88,0.5,0,0.2,4.91,1.14,1.52,0.23,0.64,False,374.58
21.0,12.05,0.09,0,0.07,5.1,1.0,1.47,333.33,0.72,False,271.36
23.6,14.88,0.21,7,0.07,6.1,0.62,1.34,320.9,1.01,False,81.95
25.2,19.58,0.47,2,0.0,6.88,0.66,1.05,98.68,1.25,False,39.22
19.7,10.64,0.16,2,0.13,4.44,0.83,2.15,317.41,0.54,False,493.79
25.4,4.11,0.23,4,0.01,5.83,0.89,1.21,229.84,0.91,False,35.77
20.15,19.76,0.42,6,0.14,5.4,0.84,1.36,212.26,0.86,False,401.18
18.9,13.11,0.43,0,0.15,4.16,1.15,2.14,272.99,0.47,False,713.74
21.4,6.82,0.06,6,0.07,3.57,1.07,3.15,100.47,0.32,False,225.71
18.8,20.12,0.44,0,0.21,5.8,0.74,1.34,125.13,0.92,False,747.38
21.0,10.46,0.28,1,0.1,6.47,0.5,1.32,36.17,1.14,False,271.36
20.6,18.68,0.48,1,0.04,4.12,1.05,2.35,98.1,0.45,True,326.24
25.8,17.53,0.45,6,0.04,6.29,0.78,1.13,225.13,1.06,False,29.75
19.0,25.05,0.37,0,0.14,4.21,0.74,2.41,86.93,0.5,False,681.62
21.2,15.23,0.18,0,0.11,5.32,1.02,1.3,113.38,0.79,False,247.48
19.9,20.66,0.49,0,0.27,4.11,1.28,1.9,26.8,0.49,False,450.34
25.0,5.32,0.08,4,0.02,5.79,0.96,1.17,321.42,0.9,False,43.01
21.7,18.25,0.17,1,0.13,5.67,0.84,1.29,248.78,0.9,False,196.58
21.0,15.23,0.18,0,0.11,5.32,1.02,1.3,70.17,0.79,False,271.36
27.1,6.8,0.09,7,0.0,5.47,0.78,1.49,240.27,0.81,False,16.35
24.5,22.19,0.45,7,0.01,5.13,0.85,1.6,269.39,0.73,False,54.14
21.9,7.61,0.06,0,0.05,5.6,0.79,1.41,9.21,0.85,False,179.28
22.4,11.0,0.3,0,0.01,5.69,0.7,1.45,138.47,0.89,False,142.41
25.5,6.42,0.33,6,0.01,6.63,0.71,1.07,94.18,1.17,False,34.16
21.9,20.75,0.4,2,0.04,6.45,0.56,1.25,220.47,1.15,True,179.28
18.9,16.51,0.24,0,0.0,3.54,0.98,3.22,104.13,0.32,True,713.74
24.4,5.33,0.01,6,0.01,5.72,0.91,1.25,184.19,0.88,False,56.69
19.2,5.61,0.36,1,0.21,3.37,1.22,3.5,142.39,0.27,False,621.65
24.1,10.63,0.36,7,0.06,5.29,1.07,1.32,133.3,0.76,False,65.09
22.4,6.9,0.21,5,0.18,3.41,1.19,3.42,210.05,0.28,False,142.41
20.5,16.06,0.1,0,0.09,3.79,1.01,2.67,139.45,0.4,False,341.62
24.7,6.51,0.31,5,0.04,5.61,0.89,1.32,101.85,0.85,False,49.38
22.1,3.75,0.32,0,0.22,3.44,1.23,3.38,213.59,0.28,False,163.51
25.6,5.38,0.15,7,0.01,5.93,0.79,1.26,113.56,0.95,False,32.62
22.9,16.64,0.25,6,0.14,3.57,0.99,3.16,140.92,0.33,False,113.12
18.6,23.86,0.49,0,0.07,4.69,0.87,1.75,248.65,0.66,False,819.49
21.4,6.57,0.03,0,0.03,5.13,0.96,1.53,176.82,0.71,True,225.71
22.5,6.74,0.22,0,0.01,6.38,0.77,1.1,178.95,1.09,False,136.0
24.8,2.95,0.04,3,0.0,6.16,0.96,1.01,79.2,1.01,False,47.16
21.6,13.84,0.06,0,0.03,5.5,0.83,1.39,297.44,0.84,True,205.85
22.6,20.54,0.44,2,0.25,6.18,0.56,1.35,25.45,1.05,False,129.88
25.3,12.75,0.02,9,0.01,3.53,0.9,3.26,12.83,0.33,False,37.46
25.1,13.97,0.41,0,0.03,7.04,0.57,1.08,44.9,1.31,False,41.07
24.4,12.47,0.01,8,0.0,4.02,0.81,2.6,339.58,0.44,False,56.69
20.0,6.64,0.27,4,0.24,3.17,1.22,4.0,273.18,0.23,False,430.07
25.0,15.05,0.34,5,0.01,5.89,0.88,1.2,77.99,0.93,False,43.01
26.8,12.02,0.2,6,0.0,6.8,0.68,1.06,320.49,1.22,False,18.77
20.2,19.06,0.21,0,0.2,3.31,0.79,3.57,333.19,0.31,False,392.23
26.6,14.04,0.39,7,0.03,5.11,1.03,1.47,143.27,0.71,False,20.58
26.1,10.92,0.26,6,0.03,6.7,0.68,1.08,166.41,1.2,False,25.91
21.31,14.79,0.24,4,0.13,6.19,0.74,1.18,286.25,1.05,False,235.47
21.38,13.94,0.46,4,0.24,5.53,0.76,1.44,96.09,0.86,False,228.0
19.1,22.08,0.34,0,0.12,3.48,0.84,3.36,65.06,0.32,False,650.94
22.5,8.11,0.19,9,0.19,4.8,1.11,1.6,318.28,0.62,False,136.0
25.1,8.33,0.01,9,0.01,3.25,1.0,3.83,2.45,0.26,False,41.07
19.2,15.39,0.07,0,0.02,3.31,0.79,3.64,271.61,0.3,True,621.65
21.0,14.54,0.13,0,0.13,4.95,1.04,1.51,39.46,0.69,False,271.36
24.3,12.59,0.2,2,0.0,6.14,0.79,1.18,150.3,1.01,False,59.37
25.3,9.08,0.32,7,0.01,6.18,0.62,1.31,50.39,1.03,False,37.46
22.0,21.94,0.26,1,0.05,7.39,0.39,1.16,177.72,1.45,False,171.22
28.3,15.97,0.23,5,0.0,6.53,0.65,1.17,135.36,1.14,False,9.41
23.7,17.69,0.25,5,0.01,7.34,0.56,1.0,125.98,1.43,False,78.26
21.1,7.81,0.41,1,0.19,4.44,1.16,1.87,204.3,0.53,False,259.14
19.4,18.49,0.21,1,0.08,3.29,0.49,3.72,74.69,0.32,False,566.95
24.6,10.63,0.08,7,0.02,5.76,0.93,1.19,204.95,0.9,False,51.71
20.1,10.49,0.16,0,0.02,3.65,0.84,3.09,255.08,0.36,True,410.72
26.21,26.1,0.48,6,0.01,6.73,0.54,1.2,95.14,1.21,False,24.67
20.8,16.76,0.22,6,0.16,3.41,1.14,3.18,343.99,0.31,False,297.54
19.0,14.27,0.43,0,0.27,3.56,1.04,2.96,225.67,0.35,False,681.62
20.7,4.86,0.31,0,0.14,4.85,1.08,1.61,86.92,0.63,False,311.56
23.9,15.7,0.1,7,0.07,7.54,0.41,1.09,259.49,1.52,False,71.37
20.7,9.01,0.43,0,0.05,5.56,0.77,1.45,8.42,0.84,True,311.56
18.8,22.22,0.43,0,0.03,4.76,0.86,1.87,277.88,0.62,True,747.38
21.4,12.46,0.11,6,0.08,4.4,1.0,2.01,168.67,0.54,False,225.71
21.2,18.21,0.32,0,0.16,6.22,0.64,1.26,313.54,1.07,False,247.48
23.2,13.46,0.36,6,0.09,3.88,1.07,2.63,77.37,0.39,False,98.52
19.9,22.23,0.31,0,0.01,5.36,0.81,1.47,270.36,0.81,True,450.34
21.1,14.25,0.38,0,0.03,5.26,0.82,1.51,252.18,0.78,True,259.14
20.1,20.24,0.38,1,0.08,5.48,0.86,1.36,223.15,0.84,False,410.72
21.3,18.21,0.32,0,0.16,6.22,0.64,1.26,20.25,1.07,False,236.34
23.9,10.27,0.34,6,0.01,6.49,0.51,1.3,303.58,1.15,False,71.37
20.8,16.89,0.07,0,0.01,7.28,0.44,1.12,168.76,1.43,True,297.54
24.1,5.86,0.04,0,0.01,6.1,0.98,1.01,188.48,1.0,False,65.09
18.8,21.23,0.39,1,0.17,5.68,0.8,1.26,132.55,0.94,False,747.38
22.1,21.08,0.44,4,0.0,6.26,0.72,1.19,314.09,1.05,False,163.51
23.2,5.94,0.15,5,0.13,3.73,1.1,2.87,219.22,0.35,False,98.52
18.7,19.67,0.42,0,0.18,4.54,0.97,1.93,328.37,0.57,False,782.6
25.5,8.04,0.02,7,0.01,5.59,0.8,1.41,206.87,0.85,False,34.16
20.5,17.54,0.17,0,0.09,6.55,0.4,1.35,292.85,1.2,False,341.62
20.2,11.89,0.25,1,0.18,3.13,1.02,3.96,357.19,0.25,False,392.23
20.3,12.36,0.49,0,0.02,5.03,1.03,1.49,166.82,0.7,True,374.58
26.4,10.15,0.27,6,0.04,6.38,0.85,1.02,228.74,1.09,False,22.57
26.9,22.36,0.0,9,0.0,3.5,0.54,3.36,17.77,0.36,False,17.93
20.9,7.27,0.44,3,0.2,4.48,1.07,1.93,109.12,0.54,False,284.15
22.7,10.06,0.09,6,0.05,7.16,0.57,1.06,338.49,1.35,False,124.03
23.4,19.12,0.41,0,0.05,5.98,0.95,1.05,52.01,0.98,False,89.86
20.8,10.25,0.13,5,0.12,3.3,1.11,3.61,100.45,0.27,False,297.54
24.2,13.24,0.24,7,0.02,7.07,0.63,1.01,102.24,1.33,False,62.16
21.2,26.33,0.4,6,0.07,4.47,0.81,2.07,317.56,0.57,False,247.48
23.1,9.77,0.46,3,0.0,4.81,0.54,2.06,92.45,0.66,False,103.17
20.2,7.59,0.32,0,0.19,5.12,1.19,1.31,191.1,0.71,False,392.23
19.4,11.92,0.31,0,0.23,4.58,1.02,1.83,95.04,0.58,False,566.95
24.4,10.29,0.0,5,0.0,6.43,0.59,1.26,271.54,1.12,False,56.69
24.0,9.18,0.01,8,0.01,7.06,0.54,1.11,130.44,1.32,False,68.16
24.0,6.96,0.35,6,0.1,5.19,1.11,1.34,356.8,0.73,False,68.16
22.2,22.2,0.29,5,0.06,3.63,0.81,3.14,226.4,0.36,False,156.15
24.5,14.66,0.39,5,0.01,6.26,0.91,1.01,322.94,1.05,False,54.14
22.4,12.16,0.06,8,0.04,4.69,0.79,1.96,322.51,0.61,False,142.41
20.1,23.87,0.08,0,0.08,3.29,0.76,3.47,356.33,0.32,False,410.72
22.5,14.36,0.04,1,0.04,6.03,0.53,1.45,334.88,1.0,False,136.0
22.2,11.12,0.16,0,0.07,4.89,1.0,1.61,149.83,0.66,False,156.15
21.61,8.23,0.45,9,0.15,3.48,0.92,3.26,340.43,0.33,False,204.62
24.8,10.39,0.02,8,0.01,4.4,0.87,2.17,335.06,0.53,False,47.16
24.5,7.3,0.08,6,0.03,6.11,0.93,1.05,142.0,1.0,False,54.14
25.2,9.01,0.19,6,0.01,6.86,0.58,1.13,105.08,1.26,False,39.22
24.3,6.44,0.05,7,0.0,6.03,0.84,1.18,170.91,0.98,False,59.37
23.1,13.16,0.29,0,0.03,4.68,1.01,1.81,46.44,0.59,False,103.17
22.3,11.12,0.21,3,0.2,6.22,0.63,1.27,308.79,1.06,False,149.12
21.2,15.32,0.08,0,0.0,5.69,0.62,1.51,37.17,0.89,True,247.48
20.4,16.57,0.46,0,0.1,6.19,0.61,1.3,315.71,1.06,False,357.72
20.5,16.57,0.46,0,0.1,6.19,0.61,1.3,166.89,1.06,False,341.62
18.6,26.01,0.48,0,0.04,4.03,0.82,2.58,359.15,0.45,True,819.49
20.3,18.71,0.44,1,0.03,5.0,0.96,1.53,311.97,0.71,True,374.58
23.1,16.01,0.4,3,0.0,4.81,0.54,2.06,92.45,0.66,False,103.17
23.17,10.0,0.15,6,0.1,4.66,1.09,1.72,69.82,0.59,False,99.71
19.9,12.28,0.17,0,0.05,4.72,0.81,1.9,229.43,0.63,False,450.34
21.8,17.8,0.08,7,0.04,4.78,0.69,1.92,136.62,0.66,True,187.73
26.0,12.02,0.28,6,0.0,6.37,0.81,1.07,189.05,1.08,False,27.14
22.2,9.06,0.33,6,0.03,5.09,0.64,1.8,185.15,0.73,False,156.15
21.2,19.22,0.26,1,0.03,5.24,0.91,1.41,62.42,0.79,True,247.48
25.5,10.93,0.25,7,0.04,6.38,0.75,1.11,194.21,1.1,False,34.16
25.5,6.33,0.12,7,0.06,5.52,1.0,1.27,214.18,0.82,False,34.16
23.4,26.36,0.45,5,0.02,6.59,0.5,1.28,20.19,1.18,False,89.86
26.9,9.0,0.29,7,0.04,5.12,1.0,1.49,4.54,0.71,False,17.93
25.2,16.64,0.4,5,0.01,6.25,0.82,1.1,161.93,1.05,False,39.22
20.5,23.39,0.5,1,0.17,5.7,0.51,1.59,221.22,0.91,False,341.62
21.6,13.79,0.28,0,0.07,4.02,1.02,2.49,217.29,0.42,False,205.85
20.6,23.39,0.5,1,0.17,5.7,0.51,1.59,44.07,0.91,False,326.24
24.2,5.96,0.35,3,0.06,5.38,0.97,1.36,152.83,0.78,False,62.16
21.2,11.79,0.14,7,0.1,4.52,1.09,1.84,199.12,0.56,False,247.48
27.5,5.83,0.21,2,0.01,6.4,0.8,1.07,271.47,1.09,False,13.6
22.1,20.49,0.46,0,0.0,4.67,0.56,2.14,351.38,0.63,False,163.51
22.1,20.49,0.46,0,0.0,4.67,0.56,2.14,242.5,0.63,False,163.51
20.3,5.24,0.15,1,0.15,3.58,1.16,3.09,322.49,0.32,False,374.58
24.4,9.09,0.31,5,0.02,6.49,0.57,1.25,31.11,1.14,False,56.69
21.8,3.66,0.32,5,0.23,5.02,1.22,1.36,11.11,0.67,False,187.73
23.3,15.85,0.47,0,0.03,6.04,0.94,1.08,287.6,0.98,False,94.09
23.9,10.17,0.33,0,0.0,6.76,0.69,1.06,215.09,1.21,False,71.37
20.8,9.99,0.41,2,0.09,6.28,0.5,1.37,18.84,1.09,False,297.54
21.6,14.57,0.37,0,0.02,5.41,0.58,1.68,117.64,0.82,True,205.85
21.2,20.98,0.14,0,0.02,6.19,0.4,1.5,141.22,1.07,True,247.48
22.0,3.52,0.44,0,0.01,4.56,1.01,1.91,270.75,0.56,True,171.22
21.2,20.98,0.14,0,0.02,6.19,0.4,1.5,209.14,1.07,True,247.48
20.7,12.72,0.37,4,0.12,5.85,0.45,1.57,275.88,0.97,False,311.56
20.0,10.65,0.22,0,0.22,4.14,1.19,2.15,347.72,0.46,False,430.07
22.2,23.72,0.42,5,0.08,3.51,0.89,3.29,336.44,0.33,False,156.15
24.5,13.25,0.09,6,0.02,5.27,0.76,1.62,267.88,0.76,False,54.14
24.0,7.75,0.09,0,0.0,6.53,0.83,0.99,246.77,1.13,False,68.16
20.9,6.83,0.43,0,0.11,5.17,1.03,1.42,285.43,0.73,False,284.15
24.0,11.26,0.38,8,0.01,7.06,0.54,1.11,130.44,1.32,False,68.16
19.7,13.14,0.08,0,0.08,3.67,1.1,2.84,165.15,0.36,False,493.79
24.9,12.14,0.36,6,0.01,6.4,0.64,1.22,297.91,1.1,False,45.03
21.6,5.56,0.44,1,0.09,4.82,1.1,1.62,269.05,0.62,False,205.85
21.9,9.88,0.06,6,0.04,3.2,1.03,3.96,285.64,0.25,True,179.28
21.4,4.61,0.04,0,0.03,5.16,0.97,1.51,310.47,0.72,True,225.71
20.6,21.3,0.27,1,0.04,4.65,0.8,1.96,69.87,0.61,True,326.24
20.7,4.82,0.46,5,0.28,3.53,1.27,3.12,234.91,0.3,False,311.56
20.4,16.06,0.1,6,0.06,7.97,0.33,1.08,16.06,1.66,False,357.72
25.4,6.3,0.03,7,0.02,4.47,1.0,2.0,38.26,0.54,False,35.77
20.4,16.96,0.03,0,0.0,4.84,0.74,1.86,88.45,0.67,True,357.72
18.6,21.77,0.14,0,0.08,4.34,0.4,2.46,306.64,0.58,False,819.49
23.2,25.95,0.42,7,0.02,5.78,0.57,1.5,39.97,0.94,False,98.52
23.3,14.77,0.16,7,0.0,8.02,0.21,1.18,198.66,1.71,False,94.09
26.2,7.88,0.08,7,0.04,5.7,0.95,1.2,209.15,0.88,False,24.75
23.0,10.12,0.3,6,0.09,4.56,1.0,1.9,178.02,0.56,False,108.03
22.3,15.81,0.4,1,0.15,6.58,0.56,1.22,290.92,1.18,False,149.12
21.1,9.89,0.1,0,0.0,4.25,0.81,2.35,165.39,0.5,True,259.14
20.8,9.18,0.2,2,0.14,6.18,0.67,1.27,132.29,1.04,False,297.54
20.5,3.8,0.22,6,0.22,3.8,1.21,2.69,172.86,0.36,False,341.62
22.1,4.78,0.29,6,0.14,5.14,1.13,1.37,340.65,0.71,False,163.51
20.7,7.27,0.34,0,0.01,5.44,0.87,1.42,171.75,0.8,True,311.56
18.8,15.73,0.3,1,0.02,7.06,0.59,1.06,212.28,1.31,True,747.38
25.6,12.94,0.04,5,0.02,6.99,0.63,1.02,108.16,1.31,False,32.62
20.5,17.5,0.27,6,0.16,4.48,0.42,2.36,76.75,0.6,False,341.62
23.1,17.71,0.34,6,0.0,5.58,0.81,1.41,215.14,0.84,False,103.17
21.2,26.24,0.43,1,0.2,6.82,0.42,1.27,145.63,1.27,False,247.48
28.0,10.93,0.26,4,0.0,6.33,0.83,1.07,52.22,1.07,False,10.8
21.0,13.24,0.33,0,0.01,5.53,0.81,1.39,62.25,0.86,True,271.36
23.0,15.37,0.29,6,0.01,6.36,0.72,1.15,26.57,1.08,False,108.03
22.9,5.48,0.05,0,0.0,6.53,0.71,1.11,133.63,1.13,False,113.12
25.7,5.8,0.3,4,0.0,5.56,0.96,1.28,341.29,0.83,False,31.16
20.6,16.47,0.37,2,0.12,5.88,0.87,1.19,147.02,0.94,False,326.24
20.3,12.17,0.32,0,0.12,6.38,0.75,1.12,308.89,1.1,False,374.58
27.0,6.66,0.37,6,0.0,5.2,0.86,1.57,126.93,0.74,False,17.12
26.6,9.0,0.28,6,0.01,6.63,0.71,1.07,170.37,1.17,False,20.58
21.4,4.36,0.3,0,0.05,5.08,1.04,1.49,146.84,0.69,False,225.71
21.4,4.36,0.3,0,0.06,5.08,1.04,1.49,63.7,0.69,False,225.71
28.8,10.53,0.13,7,0.0,6.75,0.67,1.08,98.78,1.21,False,7.47
19.7,18.77,0.43,0,0.24,4.82,1.22,1.39,316.42,0.66,False,493.79
20.3,12.33,0.41,2,0.01,5.11,0.7,1.72,18.12,0.74,True,374.58
19.9,30.73,0.42,0,0.03,6.98,0.18,1.42,196.52,1.39,True,450.34
18.6,21.65,0.27,0,0.08,7.38,0.44,1.09,220.21,1.47,False,819.49
18.8,16.88,0.46,0,0.03,3.83,0.39,2.9,18.09,0.47,True,747.38
21.2,20.85,0.4,0,0.03,6.93,0.62,1.07,293.79,1.28,True,247.48
19.5,27.46,0.47,1,0.02,6.16,0.55,1.37,334.24,1.05,True,541.43
23.6,13.3,0.12,6,0.01,6.34,0.44,1.41,124.34,1.11,False,81.95
19.5,27.46,0.47,1,0.02,6.16,0.55,1.37,183.95,1.05,True,541.43
19.1,16.87,0.39,0,0.02,5.2,0.6,1.78,112.11,0.76,True,650.94
20.9,2.8,0.28,1,0.27,4.76,1.25,1.54,351.79,0.6,False,284.15
22.1,30.17,0.46,0,0.01,4.89,0.62,1.95,352.32,0.68,True,163.51
22.1,9.23,0.08,4,0.0,6.26,0.72,1.19,314.09,1.05,False,163.51
24.6,9.18,0.13,7,0.02,7.07,0.58,1.06,119.93,1.32,False,51.71
27.3,13.47,0.41,7,0.03,5.39,1.01,1.33,229.58,0.78,False,14.91
23.6,8.69,0.47,5,0.01,5.19,0.99,1.46,144.25,0.73,False,81.95
25.5,10.94,0.05,9,0.05,3.52,0.93,3.27,16.46,0.32,False,34.16
20.0,1.4,0.18,0,0.17,5.04,1.09,1.46,66.06,0.68,False,430.07
24.1,5.83,0.04,0,0.01,6.1,0.98,1.01,188.48,1.0,False,65.09
20.7,10.82,0.4,0,0.2,5.5,0.6,1.61,133.82,0.85,False,311.56
20.7,10.82,0.4,0,0.2,5.5,0.6,1.61,303.17,0.85,False,311.56
20.7,12.55,0.31,0,0.01,4.86,0.84,1.76,348.6,0.67,True,311.56
18.9,22.55,0.13,0,0.05,4.44,0.39,2.37,43.7,0.61,True,713.74
22.3,17.51,0.26,1,0.0,7.57,0.46,1.06,342.66,1.5,False,149.12
22.5,14.96,0.22,5,0.0,4.82,0.88,1.82,182.68,0.63,False,136.0
22.6,4.96,0.17,2,0.1,5.49,1.09,1.19,95.0,0.81,False,129.88
22.8,11.67,0.13,0,0.02,3.49,0.79,3.36,322.06,0.33,False,118.45
24.9,7.96,0.25,6,0.01,6.4,0.64,1.22,297.91,1.1,False,45.03
24.2,5.24,0.4,5,0.12,5.04,1.1,1.46,145.51,0.68,False,62.16
20.8,16.82,0.38,1,0.11,6.45,0.64,1.19,278.38,1.13,False,297.54
20.6,7.27,0.24,0,0.24,4.89,1.22,1.44,180.73,0.64,False,326.24
26.0,16.77,0.39,7,0.04,7.04,0.59,1.06,160.89,1.32,False,27.14
28.5,21.12,0.35,6,0.0,4.83,0.83,1.83,52.51,0.64,False,8.58
24.9,25.0,0.36,7,0.01,6.39,0.49,1.35,223.74,1.11,False,45.03
23.4,18.44,0.37,0,0.05,5.98,0.95,1.05,52.01,0.98,False,89.86
24.1,16.77,0.1,0,0.01,4.08,0.77,2.56,301.18,0.46,False,65.09
19.8,18.75,0.31,6,0.13,3.2,0.99,3.93,286.72,0.26,False,471.57
20.8,11.17,0.36,0,0.04,6.47,0.51,1.3,355.94,1.15,True,297.54
20.8,11.17,0.36,0,0.03,6.47,0.51,1.3,94.28,1.15,True,297.54
20.62,14.81,0.29,5,0.02,4.77,0.86,1.81,198.59,0.64,True,323.25
21.6,3.91,0.2,0,0.05,5.34,0.95,1.41,25.36,0.77,False,205.85
22.8,12.16,0.2,2,0.03,5.99,0.83,1.2,346.21,0.96,False,118.45
22.7,14.21,0.41,0,0.15,4.6,1.03,1.78,251.67,0.59,False,124.03
21.6,3.91,0.2,0,0.05,5.34,0.95,1.41,179.21,0.77,False,205.85
22.5,11.69,0.11,1,0.04,6.03,0.53,1.45,334.88,1.0,False,136.0
24.3,20.29,0.36,7,0.08,6.64,0.62,1.13,243.81,1.2,False,59.37
22.3,5.31,0.1,2,0.04,5.32,0.86,1.5,133.71,0.77,False,149.12
22.4,14.42,0.01,1,0.0,7.73,0.31,1.15,160.61,1.58,False,142.41
22.2,12.03,0.41,5,0.21,6.46,0.56,1.26,203.38,1.14,False,156.15
21.6,11.09,0.3,1,0.16,4.84,1.03,1.62,196.89,0.64,False,205.85
24.7,7.56,0.02,7,0.01,4.97,1.0,1.59,294.48,0.67,False,49.38
19.3,19.8,0.47,1,0.05,7.28,0.42,1.15,239.12,1.42,False,593.67
22.1,13.14,0.19,7,0.08,5.35,0.61,1.68,310.11,0.8,False,163.51
20.4,8.68,0.12,0,0.04,4.72,0.81,1.94,307.16,0.61,True,357.72
22.1,3.46,0.16,0,0.1,5.42,1.02,1.3,121.7,0.79,False,163.51
20.6,28.01,0.24,0,0.21,4.31,0.94,1.82,5.2,0.6,False,326.24
25.6,9.99,0.1,7,0.02,6.8,0.69,1.03,197.27,1.23,False,32.62
21.0,15.51,0.4,4,0.02,5.1,1.01,1.42,56.32,0.74,True,271.36
20.6,28.01,0.24,0,0.21,4.31,0.94,1.82,247.16,0.6,False,326.24
22.9,5.95,0.15,3,0.04,6.27,0.65,1.26,268.16,1.06,False,113.12
21.0,9.08,0.19,3,0.06,6.87,0.54,1.15,314.28,1.26,False,271.36
20.2,7.4,0.29,0,0.03,6.0,0.69,1.32,217.36,0.97,True,392.23
21.7,7.9,0.23,1,0.04,5.3,1.03,1.35,6.11,0.76,True,196.58
22.0,25.4,0.12,3,0.03,7.14,0.2,1.37,296.64,1.42,True,171.22
24.6,5.96,0.33,7,0.03,5.27,0.91,1.49,230.13,0.75,False,51.71
22.9,8.47,0.31,6,0.15,3.82,1.16,2.68,139.2,0.37,False,113.12
25.3,5.75,0.18,5,0.0,5.98,0.82,1.21,8.33,0.96,False,37.46
23.3,9.39,0.25,4,0.03,6.63,0.5,1.27,309.49,1.19,False,94.09
21.2,4.29,0.07,0,0.06,5.03,1.04,1.53,294.25,0.68,False,247.48
25.4,10.71,0.18,6,0.0,6.12,0.88,1.09,292.48,1.01,False,35.77
22.1,11.73,0.13,5,0.03,3.77,1.0,2.85,117.49,0.37,False,163.51
26.2,18.48,0.31,5,0.01,5.37,0.78,1.54,186.02,0.79,False,24.75
23.7,8.59,0.15,0,0.02,7.1,0.46,1.17,309.18,1.34,False,78.26
19.7,17.38,0.21,1,0.11,6.11,0.8,1.12,219.75,1.05,False,493.79
20.4,14.07,0.21,0,0.07,7.28,0.48,1.1,61.1,1.4,False,357.72
20.8,25.29,0.41,0,0.11,5.47,0.63,1.62,306.53,0.83,False,297.54
26.5,14.93,0.27,4,0.02,3.44,1.02,3.42,116.06,0.3,False,21.55
18.9,13.56,0.04,1,0.01,6.82,0.63,1.07,281.97,1.26,True,713.74
23.3,16.54,0.46,6,0.05,7.02,0.56,1.1,305.35,1.3,False,94.09
26.0,5.21,0.18,2,0.0,6.29,0.75,1.16,205.23,1.06,False,27.14
20.4,14.07,0.21,0,0.07,7.28,0.48,1.1,341.26,1.4,False,357.72
20.0,16.33,0.48,1,0.01,4.13,0.6,2.51,116.92,0.51,True,430.07
21.2,11.47,0.06,0,0.0,3.85,0.94,2.77,217.79,0.39,True,247.48
25.7,14.37,0.15,7,0.02,6.9,0.55,1.14,228.91,1.27,False,31.16
22.8,4.93,0.35,3,0.02,5.04,0.96,1.6,40.78,0.68,False,118.45
28.4,9.6,0.09,6,0.0,3.71,0.9,2.99,305.86,0.36,False,8.99
20.3,19.47,0.5,7,0.18,3.77,0.97,2.55,351.64,0.42,False,374.58
23.4,19.05,0.34,6,0.02,4.88,0.85,1.79,94.94,0.65,False,89.86
20.8,9.57,0.23,3,0.07,4.76,0.75,1.95,27.51,0.63,False,297.54
21.5,12.82,0.14,7,0.13,6.86,0.53,1.16,239.01,1.27,False,215.55
28.66,7.75,0.06,4,0.0,4.99,0.92,1.66,75.39,0.67,False,7.95
21.46,9.68,0.27,4,0.05,6.23,0.71,1.2,190.0,1.05,True,219.86
19.3,20.12,0.47,1,0.1,4.76,1.11,1.56,56.07,0.64,False,593.67
23.2,12.71,0.08,7,0.04,6.04,0.65,1.34,142.94,0.99,False,98.52
22.5,18.42,0.41,3,0.16,5.75,0.8,1.33,10.27,0.9,False,136.0
19.9,9.38,0.45,0,0.01,6.16,0.6,1.33,157.04,1.04,True,450.34
20.3,7.4,0.23,0,0.14,5.73,0.73,1.4,243.54,0.9,False,374.58
23.2,4.12,0.47,6,0.08,4.4,1.08,2.01,65.47,0.51,False,98.52
26.9,2.61,0.09,7,0.03,6.06,0.84,1.17,264.44,0.98,False,17.93
18.7,5.7,0.35,0,0.21,3.5,1.22,3.22,93.58,0.3,False,782.6
22.6,9.09,0.11,5,0.1,5.04,1.06,1.47,342.88,0.69,False,129.88
21.3,10.63,0.49,1,0.17,5.48,0.76,1.49,93.13,0.83,False,236.34
24.5,9.16,0.18,5,0.01,6.26,0.91,1.01,322.94,1.05,False,54.14
22.4,9.88,0.09,7,0.0,5.39,0.84,1.48,26.96,0.79,False,142.41
27.6,12.89,0.4,6,0.0,5.57,0.99,1.24,261.99,0.84,False,12.99
21.49,18.08,0.48,5,0.07,6.7,0.54,1.21,38.26,1.21,False,216.14
19.3,12.17,0.39,0,0.01,4.36,0.9,2.11,169.27,0.54,True,593.67
26.5,10.91,0.01,7,0.0,3.19,0.96,3.99,217.97,0.25,False,21.55
25.3,15.56,0.34,5,0.03,6.14,0.81,1.16,180.57,1.01,False,37.46
22.9,16.24,0.11,2,0.1,6.58,0.52,1.24,39.28,1.19,False,113.12
22.1,10.09,0.33,5,0.18,3.83,1.17,2.62,126.81,0.38,False,163.51
20.6,18.55,0.24,0,0.2,7.58,0.22,1.24,301.48,1.58,False,326.24
19.0,17.52,0.31,1,0.09,6.79,0.53,1.18,322.53,1.25,False,681.62
20.0,14.55,0.39,0,0.08,4.8,0.69,1.94,87.37,0.65,False,430.07
19.5,14.87,0.45,0,0.2,3.93,1.18,2.43,270.13,0.41,False,541.43
20.6,13.61,0.12,0,0.07,5.77,0.7,1.4,261.11,0.91,False,326.24
24.2,19.02,0.34,8,0.05,6.23,0.78,1.13,119.05,1.06,False,62.16
19.8,12.5,0.13,1,0.02,3.24,0.83,3.87,327.73,0.27,True,471.57
20.6,26.95,0.3,0,0.21,4.31,0.94,1.82,5.2,0.6,False,326.24
20.9,14.71,0.5,1,0.14,4.33,1.13,1.97,51.68,0.51,False,284.15
23.4,18.68,0.48,2,0.0,6.83,0.52,1.19,224.55,1.25,False,89.86
21.1,19.48,0.29,1,0.12,4.54,0.9,1.98,43.55,0.57,False,259.14
22.5,12.43,0.25,3,0.12,6.36,0.75,1.11,144.02,1.09,False,136.0
26.6,21.88,0.44,3,0.0,6.91,0.58,1.11,241.18,1.27,False,20.58
23.7,19.21,0.4,6,0.0,3.87,0.98,2.71,179.08,0.39,False,78.26
20.9,3.65,0.38,4,0.28,3.8,1.27,2.64,13.32,0.36,False,284.15
20.6,26.95,0.3,0,0.21,4.31,0.94,1.82,247.16,0.6,False,326.24
19.9,4.91,0.28,6,0.28,3.22,1.26,3.89,130.58,0.24,False,450.34
20.1,30.55,0.12,0,0.11,4.83,0.22,2.16,310.14,0.76,False,410.72
22.6,9.32,0.2,2,0.16,5.95,0.78,1.25,325.23,0.96,False,129.88
23.3,10.78,0.08,8,0.08,5.03,1.07,1.46,12.16,0.69,False,94.09
19.0,8.83,0.12,0,0.11,3.19,0.98,3.98,192.08,0.25,False,681.62
21.7,23.1,0.45,1,0.03,5.51,0.81,1.43,227.78,0.84,True,196.58
20.6,29.78,0.38,1,0.16,3.37,0.63,3.57,183.06,0.32,False,326.24
25.1,15.87,0.39,7,0.1,6.44,0.74,1.11,127.19,1.11,False,41.07
22.4,21.17,0.23,3,0.0,7.19,0.41,1.18,254.85,1.38,False,142.41
21.2,17.46,0.18,1,0.07,5.38,0.97,1.3,103.11,0.81,False,247.48
27.4,8.95,0.18,6,0.01,5.04,0.99,1.56,178.6,0.68,False,14.24
20.1,11.59,0.3,0,0.26,3.38,1.13,3.35,31.57,0.29,False,410.72
24.7,26.51,0.5,8,0.02,6.01,0.8,1.17,90.66,1.01,False,49.38
23.1,11.12,0.19,2,0.09,6.62,0.57,1.2,77.85,1.19,False,103.17
24.2,6.19,0.17,0,0.11,3.62,1.1,3.05,221.55,0.33,False,62.16
28.2,5.54,0.11,5,0.01,6.39,0.87,1.01,203.11,1.08,False,9.85
24.0,6.15,0.32,4,0.01,5.52,0.96,1.3,335.69,0.82,False,68.16
19.4,14.02,0.37,0,0.01,4.39,0.52,2.37,345.61,0.57,True,566.95
22.4,12.13,0.42,0,0.03,6.23,0.48,1.41,178.22,1.07,False,142.41
22.2,8.92,0.5,0,0.01,5.14,0.82,1.65,279.0,0.72,False,156.15
21.7,19.32,0.49,4,0.06,5.7,0.91,1.26,130.05,0.87,False,196.58
25.0,12.89,0.11,2,0.0,3.43,0.95,3.46,43.43,0.3,False,43.01
22.6,12.81,0.14,5,0.02,5.51,0.86,1.38,169.99,0.83,False,129.88
19.4,6.07,0.24,0,0.04,6.38,0.71,1.16,23.27,1.09,True,566.95
19.6,8.63,0.39,0,0.19,3.89,0.98,2.62,218.27,0.41,False,517.06
20.3,10.14,0.19,0,0.19,3.59,1.12,3.02,213.72,0.33,False,374.58
20.9,8.59,0.02,1,0.01,6.7,0.64,1.11,331.85,1.19,True,284.15
21.7,3.7,0.48,4,0.09,4.04,1.05,2.45,10.08,0.43,False,196.58
20.4,19.69,0.46,0,0.02,7.66,0.5,0.99,276.64,1.54,True,357.72
26.7,20.56,0.46,6,0.0,5.11,0.9,1.59,281.46,0.71,False,19.66
24.2,15.29,0.16,7,0.02,8.26,0.31,1.04,316.67,1.76,False,62.16
22.3,24.96,0.34,3,0.07,6.59,0.46,1.31,206.07,1.18,False,149.12
25.8,19.31,0.37,6,0.01,6.31,0.7,1.19,40.62,1.07,False,29.75
19.1,11.76,0.06,0,0.04,7.03,0.52,1.13,210.57,1.32,True,650.94
19.9,9.21,0.2,0,0.02,6.77,0.5,1.23,128.88,1.23,True,450.34
20.1,11.64,0.38,0,0.21,4.8,1.18,1.52,235.15,0.63,False,410.72
22.2,15.31,0.16,0,0.1,4.21,1.07,2.1,290.81,0.49,False,156.15
18.7,21.17,0.43,0,0.13,4.65,1.06,1.58,88.37,0.65,False,782.6
25.9,3.5,0.01,6,0.01,4.88,1.0,1.67,304.75,0.64,False,28.41
21.8,14.53,0.41,1,0.01,5.96,0.34,1.62,264.4,1.01,True,187.73
20.5,20.46,0.16,1,0.1,6.36,0.58,1.25,126.93,1.13,False,341.62
20.4,19.19,0.15,9,0.06,3.66,0.5,3.16,338.12,0.4,False,357.72
26.4,8.99,0.02,6,0.0,5.18,0.84,1.6,73.4,0.73,False,22.57
19.7,12.03,0.32,4,0.05,4.11,0.99,2.35,94.73,0.46,False,493.79
24.4,8.06,0.06,8,0.06,4.48,0.93,2.05,325.54,0.54,False,56.69
26.1,16.54,0.31,7,0.02,6.6,0.66,1.13,77.32,1.16,False,25.91
25.3,4.43,0.18,2,0.02,5.83,0.98,1.13,316.53,0.91,False,37.46
20.2,23.31,0.42,2,0.12,4.13,0.75,2.25,186.56,0.54,False,392.23
21.7,7.99,0.22,0,0.07,5.0,0.92,1.63,277.0,0.68,False,196.58
19.5,13.2,0.36,1,0.12,3.59,0.96,3.01,290.23,0.35,False,541.43
19.3,15.1,0.17,1,0.07,3.64,0.92,3.04,299.16,0.35,False,593.67
22.1,6.4,0.23,4,0.0,6.26,0.72,1.19,314.09,1.05,False,163.51
21.5,9.99,0.36,1,0.05,7.12,0.57,1.07,68.39,1.33,True,215.55
21.3,13.6,0.46,7,0.01,5.23,0.74,1.6,305.8,0.78,True,236.34
22.7,14.5,0.18,0,0.04,5.42,0.97,1.3,0.57,0.82,False,124.03
27.5,17.05,0.41,6,0.0,6.41,0.78,1.08,9.84,1.09,False,13.6
21.7,7.99,0.22,0,0.07,5.0,0.92,1.63,190.03,0.68,False,196.58
27.4,7.75,0.3,6,0.0,6.06,0.72,1.27,334.1,0.99,False,14.24
21.8,23.6,0.31,0,0.04,4.16,0.79,2.4,217.57,0.49,True,187.73
26.7,13.6,0.37,7,0.01,6.28,0.6,1.29,240.3,1.07,False,19.66
21.4,21.74,0.26,1,0.02,7.02,0.48,1.16,139.34,1.33,True,225.71
25.2,10.05,0.27,6,0.02,5.61,1.01,1.2,228.69,0.85,False,39.22
22.6,10.45,0.39,3,0.22,5.68,0.79,1.35,284.61,0.89,False,129.88
23.33,17.25,0.23,7,0.0,6.03,0.54,1.42,332.56,1.01,False,92.76
21.5,15.5,0.04,1,0.02,4.01,0.68,2.68,89.97,0.45,True,215.55
24.0,4.04,0.01,5,0.01,5.36,0.98,1.37,229.09,0.77,False,68.16
24.6,15.42,0.35,7,0.07,6.64,0.73,1.06,228.28,1.17,False,51.71
23.2,16.65,0.28,0,0.05,5.08,0.94,1.5,64.91,0.73,False,98.52
21.1,23.48,0.28,2,0.21,6.7,0.23,1.44,115.47,1.28,False,259.14
23.9,10.46,0.23,7,0.06,5.35,0.85,1.47,3.56,0.79,False,71.37
24.5,10.83,0.03,8,0.02,4.91,0.92,1.7,329.72,0.66,False,54.14
19.1,18.17,0.28,0,0.28,5.93,0.47,1.52,288.54,1.0,False,650.94
20.3,12.22,0.29,0,0.09,5.47,0.53,1.68,138.45,0.85,False,374.58
24.3,6.92,0.04,7,0.04,4.87,1.02,1.64,257.22,0.64,False,59.37
20.1,8.04,0.4,0,0.19,4.96,1.19,1.41,317.81,0.67,False,410.72
23.6,6.58,0.38,6,0.07,5.01,1.04,1.53,183.45,0.68,False,81.95
25.1,10.95,0.09,7,0.01,5.55,0.82,1.41,195.95,0.84,False,41.03
20.3,9.63,0.4,0,0.14,5.73,0.73,1.4,243.54,0.9,False,374.58
22.4,9.77,0.06,7,0.04,3.63,0.94,3.08,241.9,0.35,False,142.41
19.5,31.7,0.28,1,0.07,4.31,0.95,1.82,218.18,0.6,False,541.43
22.0,24.2,0.36,6,0.02,4.7,0.79,1.93,122.48,0.62,True,171.22
27.1,6.05,0.17,7,0.06,4.84,1.06,1.65,180.77,0.63,False,16.35
28.0,16.18,0.41,6,0.0,5.99,0.6,1.41,186.86,0.98,False,10.8
19.5,31.7,0.28,1,0.07,4.31,0.95,1.82,99.52,0.6,False,541.43
25.3,3.67,0.1,9,0.1,4.51,1.08,1.91,23.98,0.54,False,37.46
22.8,10.6,0.16,2,0.06,6.14,0.78,1.19,195.45,1.01,False,118.45
29.1,13.21,0.38,6,0.0,6.67,0.61,1.15,24.79,1.19,False,6.51
23.6,12.43,0.12,7,0.05,6.3,0.63,1.25,165.54,1.09,False,81.95
27.4,15.35,0.47,2,0.01,5.84,0.97,1.13,184.98,0.91,False,14.24
21.2,21.75,0.22,7,0.06,5.0,0.63,1.88,157.5,0.7,False,247.48
19.84,29.19,0.25,6,0.12,4.21,0.45,2.57,108.95,0.53,False,461.89
23.6,8.5,0.1,8,0.1,4.04,1.08,2.39,9.64,0.43,False,81.95
19.4,8.75,0.26,1,0.21,8.09,0.36,1.04,171.61,1.7,False,566.95
21.3,12.07,0.23,0,0.0,5.15,0.48,1.89,168.26,0.76,True,236.34
20.2,4.1,0.03,0,0.03,4.82,1.01,1.7,149.79,0.62,True,392.23
19.5,10.0,0.15,0,0.06,6.67,0.66,1.11,246.28,1.18,False,541.43
23.4,8.44,0.11,0,0.06,5.48,0.94,1.32,93.93,0.82,False,89.86
21.3,21.23,0.44,0,0.02,3.2,0.54,3.88,12.22,0.3,True,236.34
19.1,13.5,0.23,0,0.08,4.41,0.9,2.13,77.87,0.53,False,650.94
22.6,9.69,0.33,7,0.03,7.0,0.63,1.04,194.88,1.29,False,129.88
21.3,25.46,0.45,0,0.03,5.6,0.77,1.39,228.86,0.87,True,236.34
20.5,18.54,0.22,3,0.2,4.5,0.64,2.21,259.0,0.58,False,341.62
23.5,11.11,0.09,9,0.07,3.89,0.95,2.69,20.25,0.4,False,85.81
18.8,20.6,0.46,0,0.27,5.15,0.69,1.67,106.67,0.77,False,747.38
24.5,6.3,0.25,7,0.02,6.69,0.69,1.08,279.61,1.19,False,54.14
24.5,17.14,0.48,1,0.01,6.75,0.48,1.25,138.03,1.23,False,54.14
24.5,2.07,0.24,5,0.05,5.07,1.0,1.53,49.46,0.69,False,54.14
25.2,9.11,0.04,8,0.02,3.96,1.0,2.56,13.06,0.42,False,39.22
21.2,19.02,0.3,0,0.16,6.22,0.64,1.26,313.54,1.07,False,247.48
22.2,8.7,0.03,0,0.01,5.14,0.82,1.65,279.0,0.72,False,156.15
23.4,7.15,0.47,6,0.05,4.97,0.92,1.67,253.34,0.67,False,89.86
21.9,17.51,0.36,6,0.08,6.12,0.46,1.45,97.44,1.05,False,179.28
23.0,13.11,0.5,6,0.03,6.9,0.61,1.07,33.86,1.28,False,108.03
27.9,22.98,0.3,7,0.0,5.66,0.58,1.57,47.91,0.89,False,11.31
21.7,11.14,0.46,5,0.17,3.96,1.19,2.4,194.82,0.41,False,196.58
21.3,19.02,0.3,0,0.16,6.22,0.64,1.26,20.25,1.07,False,236.34
27.3,14.2,0.4,5,0.0,6.24,0.63,1.28,148.64,1.05,False,14.91
19.1,17.12,0.43,0,0.04,7.03,0.52,1.13,210.57,1.32,True,650.94
20.7,4.83,0.34,0,0.14,4.85,1.08,1.61,86.92,0.63,False,311.56
24.9,6.65,0.39,6,0.02,5.34,0.96,1.4,293.65,0.77,False,45.03
21.0,13.71,0.15,1,0.12,5.12,0.71,1.73,246.54,0.73,False,271.36
21.4,23.21,0.3,2,0.03,5.46,0.85,1.36,85.72,0.85,True,225.71
22.3,10.39,0.3,3,0.2,6.22,0.63,1.27,308.79,1.06,False,149.12
24.9,5.44,0.03,7,0.02,4.12,1.04,2.36,335.78,0.45,False,45.03
23.0,7.77,0.37,1,0.15,5.12,1.03,1.46,70.47,0.71,False,108.03
26.93,13.28,0.39,3,0.0,6.52,0.61,1.2,89.29,1.14,False,17.68
23.3,16.31,0.22,0,0.02,6.0,0.67,1.34,309.89,0.98,False,94.09
18.9,8.69,0.35,0,0.18,5.37,0.67,1.63,163.01,0.8,False,713.74
21.2,5.8,0.11,0,0.11,3.9,1.05,2.62,103.75,0.4,False,247.48
21.4,9.02,0.05,0,0.02,4.65,0.93,1.9,306.72,0.58,True,225.71
27.8,8.94,0.08,6,0.0,4.99,0.91,1.67,330.3,0.67,False,11.85
20.1,8.59,0.23,0,0.05,5.48,0.72,1.54,309.81,0.82,True,410.72
21.1,10.09,0.32,6,0.17,4.26,1.18,2.03,179.88,0.48,False,259.14
22.8,24.03,0.48,7,0.03,4.87,0.81,1.82,215.79,0.65,False,118.45
20.0,1.92,0.29,0,0.28,3.63,1.28,2.95,93.01,0.32,False,430.07
24.5,14.89,0.46,1,0.03,5.48,1.03,1.25,258.75,0.81,False,54.14
21.0,9.79,0.48,4,0.03,5.06,0.61,1.85,284.44,0.72,True,271.36
26.7,10.33,0.01,7,0.0,4.29,0.88,2.27,196.77,0.5,False,19.66
19.7,14.99,0.3,0,0.06,3.58,0.69,3.24,278.09,0.36,False,493.79
23.2,15.64,0.28,7,0.0,5.63,0.95,1.22,143.61,0.87,False,98.52
24.9,14.85,0.34,7,0.01,6.86,0.66,1.05,63.78,1.24,False,45.03
24.4,13.26,0.04,8,0.02,6.23,0.55,1.35,87.16,1.06,False,56.69
25.3,6.14,0.04,8,0.04,3.66,1.05,3.0,359.76,0.34,False,37.46
24.3,6.45,0.21,2,0.0,6.14,0.79,1.18,150.3,1.01,False,59.37
26.7,10.54,0.06,7,0.0,7.65,0.42,1.08,213.4,1.53,False,19.66
26.7,11.42,0.22,6,0.02,6.6,0.73,1.07,202.66,1.16,False,19.66
24.3,8.65,0.03,7,0.0,3.27,1.01,3.79,180.22,0.27,False,59.37
21.2,22.54,0.43,0,0.16,6.37,0.56,1.27,295.45,1.13,False,247.48
22.0,7.66,0.05,0,0.03,3.47,1.04,3.35,355.18,0.3,True,171.22
20.8,19.03,0.13,1,0.09,3.63,0.54,3.19,13.85,0.39,False,297.54
24.7,11.26,0.16,6,0.03,6.74,0.68,1.07,82.41,1.21,False,49.38
25.7,17.17,0.19,6,0.0,4.44,0.8,2.17,14.75,0.54,False,31.16
28.5,12.88,0.37,5,0.0,6.62,0.6,1.18,35.51,1.17,False,8.58
22.5,13.08,0.32,2,0.02,5.4,0.68,1.61,205.2,0.81,False,136.0
20.3,15.04,0.36,2,0.07,5.7,0.91,1.23,249.93,0.9,False,374.58
24.8,24.16,0.5,7,0.01,6.99,0.55,1.12,266.01,1.29,False,47.16
19.2,21.42,0.49,0,0.01,5.54,0.5,1.68,108.49,0.86,True,621.65
20.8,20.08,0.39,2,0.14,6.18,0.67,1.27,132.29,1.04,False,297.54
25.0,20.8,0.37,6,0.02,6.38,0.63,1.23,66.78,1.1,False,43.01
29.7,15.04,0.27,6,0.0,5.44,0.86,1.44,163.41,0.8,False,4.94
18.7,25.96,0.29,0,0.04,5.29,0.84,1.43,293.96,0.82,True,782.6
20.2,20.5,0.48,0,0.13,6.23,0.57,1.32,18.97,1.07,False,392.23
25.5,18.71,0.36,6,0.0,5.96,0.78,1.26,255.78,0.96,False,34.16
26.53,10.69,0.08,6,0.0,4.68,0.85,1.94,27.56,0.6,False,21.3
19.9,14.44,0.3,1,0.09,7.04,0.62,1.02,39.16,1.32,False,450.34
24.5,6.89,0.2,7,0.02,5.64,0.65,1.52,107.44,0.88,False,54.14
19.2,18.82,0.45,1,0.25,6.01,0.71,1.28,276.67,1.0,False,621.65
20.2,10.31,0.34,0,0.14,5.47,0.66,1.58,214.97,0.83,False,392.23
20.8,15.6,0.13,7,0.06,4.88,0.71,1.86,345.34,0.68,False,297.54
22.8,22.18,0.34,7,0.12,6.81,0.48,1.22,35.69,1.25,False,118.45
19.9,12.96,0.22,0,0.01,6.16,0.6,1.33,157.04,1.04,True,450.34
23.1,7.56,0.01,6,0.01,4.34,0.93,2.19,194.38,0.51,False,103.17
24.6,10.29,0.02,7,0.0,6.32,0.71,1.17,288.87,1.08,False,51.71
24.3,17.31,0.4,7,0.02,5.81,0.86,1.25,238.85,0.91,False,59.37
22.9,13.06,0.31,6,0.04,5.1,0.69,1.77,142.94,0.72,False,113.12
21.8,19.7,0.16,9,0.15,4.16,0.82,2.29,324.94,0.51,False,187.73
20.2,12.36,0.17,0,0.13,5.98,0.7,1.3,7.5,0.98,False,392.23
27.2,8.9,0.28,7,0.0,6.38,0.59,1.26,281.36,1.1,False,15.62
26.8,10.76,0.15,7,0.02,4.68,0.96,1.85,221.64,0.59,False,18.77
22.3,9.65,0.03,8,0.01,3.66,0.96,3.01,353.49,0.35,False,149.12
18.9,7.16,0.05,0,0.01,4.12,0.96,2.4,319.45,0.45,True,713.74
23.4,10.36,0.17,6,0.08,3.32,1.06,3.68,183.46,0.27,False,89.86
23.2,13.66,0.13,7,0.09,7.61,0.38,1.11,46.3,1.53,False,98.52
22.8,12.74,0.15,7,0.01,5.01,0.85,1.7,282.16,0.68,False,118.45
22.2,10.13,0.14,7,0.0,3.95,0.79,2.7,173.08,0.43,False,156.15
21.3,7.32,0.29,1,0.05,6.44,0.6,1.24,111.34,1.12,False,236.34
21.6,11.32,0.19,2,0.0,5.55,0.78,1.42,84.04,0.85,True,205.85
25.0,7.45,0.32,6,0.02,5.78,0.8,1.32,84.95,0.9,False,43.01
18.6,19.75,0.2,0,0.08,7.38,0.44,1.09,220.21,1.47,False,819.49
25.0,6.61,0.03,7,0.03,5.13,0.94,1.54,31.75,0.71,False,43.01
26.6,5.91,0.21,6,0.0,6.11,0.78,1.2,120.79,1.0,False,20.58
22.9,12.8,0.28,6,0.02,7.08,0.35,1.26,327.04,1.35,False,113.12
24.1,6.4,0.09,0,0.01,6.1,0.98,1.01,188.48,1.0,False,65.09
20.7,15.62,0.44,0,0.04,6.76,0.51,1.22,298.08,1.23,True,311.56
20.7,15.62,0.44,0,0.04,6.76,0.51,1.22,298.08,1.23,True,311.56
21.5,24.25,0.07,8,0.07,5.1,0.4,1.93,51.65,0.78,False,215.55
23.7,6.96,0.06,8,0.05,3.39,1.03,3.52,8.45,0.29,False,78.26
20.9,18.8,0.32,0,0.0,5.64,0.88,1.28,136.69,0.88,True,284.15
24.7,20.91,0.48,8,0.09,6.11,0.82,1.13,219.34,1.02,False,49.38
25.2,14.02,0.38,7,0.03,4.71,1.01,1.78,248.85,0.6,False,39.22
26.69,7.49,0.28,3,0.0,6.02,0.74,1.27,87.31,0.98,False,19.73
27.2,9.4,0.35,6,0.0,6.09,0.65,1.33,87.1,1.01,False,15.64
19.3,22.23,0.43,1,0.09,3.29,0.54,3.72,25.76,0.32,False,593.67
23.0,8.79,0.49,5,0.01,5.29,0.91,1.47,57.17,0.75,False,108.03
24.2,13.29,0.3,6,0.03,5.94,0.9,1.16,315.38,0.95,False,62.16
26.1,13.35,0.08,7,0.0,3.98,0.86,2.63,168.8,0.43,False,25.91
26.9,8.11,0.19,6,0.01,6.36,0.66,1.21,274.87,1.09,False,17.93
21.3,14.62,0.08,8,0.04,3.65,0.84,3.09,22.49,0.36,True,236.34
20.8,6.98,0.06,0,0.02,6.1,0.71,1.26,350.6,1.0,True,297.54
23.7,8.9,0.4,7,0.01,5.74,0.74,1.39,1.34,0.9,False,78.26
24.6,18.56,0.44,6,0.0,6.16,0.81,1.15,49.99,1.02,False,51.71
21.3,14.41,0.39,0,0.28,3.57,1.25,2.89,72.14,0.33,False,236.34
22.1,7.67,0.28,5,0.13,5.42,1.11,1.19,179.24,0.8,False,163.51
26.5,13.3,0.16,7,0.01,6.53,0.65,1.16,78.96,1.14,False,21.55
25.0,19.52,0.44,4,0.0,5.14,0.55,1.85,178.8,0.75,False,43.01
23.7,24.52,0.05,9,0.01,6.34,0.2,1.58,297.41,1.17,False,78.26
25.2,24.32,0.45,7,0.02,7.61,0.45,1.05,319.38,1.51,False,39.22
24.8,3.94,0.07,7,0.02,5.7,0.99,1.18,41.37,0.87,False,47.16
18.8,23.06,0.47,1,0.19,6.12,0.5,1.43,59.67,1.04,False,747.38
19.1,16.69,0.28,0,0.28,5.93,0.47,1.52,288.54,1.0,False,650.94
24.9,14.97,0.05,2,0.04,4.57,0.76,2.08,97.38,0.58,False,45.03
25.3,3.13,0.05,7,0.04,4.93,1.03,1.6,95.54,0.65,False,37.46
21.6,4.13,0.25,6,0.25,3.43,1.22,3.38,204.54,0.28,False,205.85
26.8,13.05,0.18,7,0.02,7.07,0.57,1.08,345.5,1.32,False,18.77
24.3,14.08,0.19,7,0.06,7.4,0.46,1.09,190.44,1.44,False,59.37
26.7,8.1,0.26,6,0.02,6.6,0.73,1.07,202.66,1.16,False,19.66
24.13,11.78,0.12,9,0.11,4.25,1.09,2.09,13.74,0.49,False,64.23
18.9,15.85,0.44,0,0.17,6.53,0.44,1.33,236.34,1.19,False,713.74
23.0,15.61,0.49,0,0.03,7.55,0.47,1.05,240.97,1.49,False,108.03
19.6,29.38,0.5,0,0.22,6.61,0.5,1.24,87.25,1.21,False,517.06
24.3,10.87,0.2,7,0.0,6.03,0.84,1.18,170.91,0.98,False,59.37
21.3,17.39,0.26,1,0.26,5.7,0.74,1.37,144.72,0.91,False,236.34
22.7,16.58,0.14,6,0.0,4.73,0.76,1.97,313.15,0.62,False,124.03
20.7,14.21,0.24,1,0.09,6.11,0.73,1.25,317.62,1.01,False,311.56
25.6,9.42,0.15,7,0.03,5.8,0.91,1.2,200.61,0.91,False,32.64
25.2,7.88,0.13,3,0.0,5.82,0.9,1.22,216.22,0.91,False,39.22
19.9,12.17,0.27,0,0.12,3.98,1.09,2.4,119.28,0.43,False,450.34
20.0,20.95,0.08,1,0.01,4.13,0.6,2.51,116.92,0.51,True,430.07
22.4,14.15,0.19,7,0.16,6.9,0.38,1.29,354.78,1.3,False,142.41
20.5,21.88,0.31,3,0.03,3.29,0.8,3.63,288.82,0.3,True,341.62
21.7,12.96,0.18,6,0.07,4.51,0.62,2.23,67.69,0.58,False,196.58
26.21,18.04,0.47,6,0.01,6.73,0.54,1.2,95.14,1.21,False,24.67
25.66,5.54,0.16,6,0.02,6.05,0.85,1.16,71.15,0.98,False,31.68
24.0,10.81,0.19,6,0.03,6.74,0.63,1.11,292.78,1.21,False,68.16
20.9,11.87,0.35,0,0.17,5.05,1.09,1.42,334.59,0.7,False,284.15
27.3,10.08,0.23,6,0.0,5.55,0.96,1.29,99.51,0.83,False,14.91
22.4,16.96,0.13,1,0.0,7.73,0.31,1.15,160.61,1.58,False,142.41
21.6,17.06,0.05,0,0.03,3.2,0.73,3.94,145.19,0.28,True,205.85
20.4,13.19,0.38,1,0.0,5.25,0.98,1.38,43.67,0.77,True,357.72
24.0,5.99,0.46,0,0.01,4.65,0.8,2.0,215.72,0.59,False,68.16
26.8,15.69,0.03,7,0.0,4.56,0.71,2.14,77.18,0.58,False,18.77
25.26,29.52,0.35,6,0.0,7.32,0.27,1.28,323.76,1.45,False,38.14
21.0,9.93,0.47,3,0.16,6.68,0.4,1.33,156.02,1.23,False,271.36
20.2,10.47,0.31,1,0.17,3.81,1.07,2.72,269.15,0.38,False,392.23
26.29,6.05,0.15,5,0.01,6.55,0.65,1.16,283.95,1.15,False,23.79
22.5,10.98,0.15,9,0.1,5.88,0.85,1.22,235.53,0.94,False,136.0
21.4,23.43,0.15,7,0.01,3.43,0.38,3.46,200.23,0.37,True,225.71
25.13,14.46,0.15,8,0.01,8.08,0.26,1.12,123.04,1.71,False,40.47
24.3,12.39,0.29,7,0.03,4.95,1.02,1.59,88.98,0.66,False,59.37
20.4,15.76,0.45,0,0.01,6.09,0.42,1.49,163.28,1.06,True,357.72
19.4,20.55,0.31,0,0.08,5.2,0.74,1.66,348.83,0.75,False,566.95
24.7,3.66,0.06,5,0.02,5.76,0.98,1.16,300.37,0.89,False,49.38
19.5,20.55,0.31,0,0.08,5.2,0.74,1.66,138.59,0.75,False,541.43
20.9,13.59,0.32,9,0.11,3.49,1.06,3.29,345.15,0.31,False,284.15
21.7,14.86,0.34,6,0.16,5.57,0.57,1.6,237.08,0.87,False,196.58
25.3,6.47,0.02,5,0.0,5.98,0.82,1.21,8.33,0.96,False,37.46
27.5,12.03,0.39,6,0.0,5.77,1.01,1.12,15.83,0.89,False,13.6
22.0,10.85,0.34,7,0.16,3.6,1.16,3.04,346.69,0.32,False,171.22
19.7,8.1,0.27,0,0.0,6.47,0.75,1.1,215.54,1.11,True,493.79
21.2,16.15,0.1,0,0.01,3.23,0.94,3.8,100.59,0.27,True,247.48
21.5,7.42,0.06,6,0.06,3.53,1.07,3.22,302.58,0.31,False,215.55
25.3,5.69,0.34,4,0.03,5.36,0.97,1.38,34.77,0.77,False,37.46
20.4,4.5,0.19,6,0.17,3.34,1.17,3.6,93.88,0.27,False,357.72
21.0,11.76,0.32,0,0.02,5.34,0.61,1.7,231.02,0.79,True,271.36
24.6,12.26,0.36,7,0.02,7.07,0.58,1.06,119.93,1.32,False,51.71
24.8,20.32,0.41,7,0.02,7.57,0.48,1.03,213.2,1.49,False,47.16
20.4,15.13,0.4,0,0.22,5.4,0.66,1.6,184.68,0.82,False,357.72
23.7,14.84,0.02,2,0.02,6.6,0.45,1.32,250.25,1.19,False,78.26
20.4,15.13,0.4,0,0.22,5.4,0.66,1.6,348.46,0.82,False,357.72
21.7,15.5,0.33,2,0.05,5.16,0.93,1.51,286.45,0.73,False,196.58
20.4,5.34,0.27,6,0.22,3.58,1.23,3.05,306.93,0.32,False,357.72
19.7,14.25,0.15,0,0.05,5.2,0.79,1.62,75.27,0.75,False,493.79
27.4,22.63,0.39,7,0.01,5.15,0.74,1.7,285.43,0.73,False,14.24
23.0,21.15,0.11,6,0.04,7.01,0.35,1.27,224.7,1.35,False,108.03
23.3,16.9,0.01,8,0.01,3.19,0.79,3.97,14.63,0.27,False,94.09
19.8,8.08,0.21,0,0.13,5.41,0.86,1.44,270.75,0.8,False,471.57
24.4,10.48,0.37,8,0.02,4.89,0.95,1.66,25.74,0.66,False,56.69
20.7,18.66,0.33,1,0.18,5.44,0.53,1.68,141.3,0.85,False,311.56
27.4,14.16,0.1,7,0.0,5.6,0.74,1.45,178.54,0.86,False,14.24
20.4,11.35,0.26,1,0.09,4.49,0.56,2.28,346.46,0.58,False,357.72
23.6,18.25,0.41,7,0.09,5.95,0.88,1.13,189.7,0.97,False,81.95
25.0,11.18,0.12,7,0.06,6.36,0.74,1.12,331.86,1.1,False,43.01
21.9,29.19,0.49,0,0.06,4.56,0.71,2.13,45.82,0.58,False,179.28
20.9,11.5,0.15,1,0.14,4.33,1.13,1.97,51.68,0.51,False,284.15
28.0,4.52,0.01,8,0.0,7.0,0.65,1.03,153.64,1.29,False,10.8
26.9,9.55,0.14,7,0.02,4.92,0.96,1.67,291.5,0.65,False,17.93
20.4,12.38,0.14,0,0.13,4.5,0.91,1.99,253.52,0.56,False,357.72
26.5,15.0,0.39,6,0.01,6.19,0.89,1.06,211.77,1.02,False,21.55
20.4,32.25,0.48,1,0.05,6.48,0.43,1.35,85.12,1.17,False,357.72
24.0,25.02,0.43,7,0.01,6.07,0.61,1.35,155.59,1.02,False,68.16
24.0,15.73,0.48,7,0.04,5.03,1.03,1.52,89.86,0.68,False,68.16
26.9,26.66,0.39,7,0.01,5.78,0.57,1.52,108.73,0.92,False,17.93
26.1,11.51,0.1,5,0.01,6.38,0.68,1.19,132.08,1.09,False,25.91
22.9,6.71,0.09,8,0.02,5.5,0.79,1.46,287.69,0.82,False,113.12
22.4,7.86,0.02,7,0.02,3.34,1.02,3.62,132.41,0.28,False,142.41
24.6,6.57,0.09,9,0.09,3.18,1.08,4.02,2.54,0.24,False,51.71
20.0,15.17,0.4,0,0.02,6.1,0.56,1.4,109.01,1.02,True,430.07
19.2,20.45,0.5,1,0.25,6.01,0.71,1.28,276.67,1.0,False,621.65
22.1,6.19,0.4,1,0.21,4.9,1.14,1.52,176.83,0.64,False,163.51
19.5,17.99,0.21,0,0.18,3.23,0.79,3.79,140.25,0.28,False,541.43
24.8,8.81,0.25,8,0.04,6.06,0.65,1.33,281.74,1.0,False,47.16
21.7,7.98,0.05,2,0.02,5.74,0.85,1.28,326.42,0.89,True,196.58
26.0,17.56,0.39,7,0.02,5.35,0.97,1.36,126.44,0.78,False,27.14
26.0,9.46,0.11,7,0.02,4.81,1.0,1.71,180.66,0.63,False,27.14
24.4,6.21,0.04,7,0.02,4.26,1.02,2.2,300.76,0.48,False,56.69
26.4,6.94,0.01,6,0.01,4.14,0.99,2.36,158.94,0.46,False,22.57
18.6,16.15,0.27,0,0.05,3.44,0.86,3.3,342.09,0.33,False,819.49
26.5,3.88,0.03,6,0.03,6.28,0.85,1.07,104.23,1.05,False,21.55
23.6,15.8,0.36,6,0.05,4.03,1.03,2.47,49.7,0.43,False,81.95
23.9,6.73,0.34,7,0.02,5.54,0.88,1.36,110.85,0.83,False,71.37
18.9,11.36,0.28,0,0.13,3.21,1.12,3.89,351.02,0.25,False,713.74
21.5,12.03,0.26,0,0.12,5.65,0.62,1.51,343.67,0.89,False,215.55
28.7,6.77,0.21,5,0.0,5.84,0.99,1.12,78.21,0.91,False,7.83
21.6,13.42,0.37,2,0.04,5.96,0.58,1.43,187.56,0.97,True,205.85
19.8,12.48,0.29,5,0.13,3.43,1.07,3.43,174.21,0.29,False,471.57
21.5,13.42,0.37,1,0.04,5.96,0.58,1.43,217.45,0.97,True,215.55
21.5,12.03,0.26,1,0.12,5.65,0.62,1.51,162.16,0.89,False,215.55
23.3,8.17,0.42,6,0.0,5.49,0.86,1.4,100.83,0.82,False,94.09
20.7,15.05,0.28,6,0.23,3.41,1.13,3.2,241.24,0.31,False,311.56
22.8,8.4,0.21,7,0.18,4.45,1.16,1.86,111.75,0.53,False,118.45
19.0,10.82,0.43,0,0.08,7.86,0.45,1.0,75.33,1.6,False,681.62
24.8,10.62,0.35,6,0.01,7.15,0.6,1.03,16.59,1.34,False,47.16
29.2,9.28,0.2,5,0.0,6.75,0.51,1.22,328.13,1.22,False,6.22
23.6,28.9,0.39,7,0.01,7.36,0.34,1.21,166.26,1.45,False,81.95
25.8,11.69,0.22,7,0.07,6.6,0.72,1.08,185.83,1.16,False,29.75
19.3,13.27,0.34,0,0.02,4.6,0.53,2.22,122.45,0.61,True,593.67
22.1,24.51,0.21,1,0.01,5.9,0.45,1.57,268.35,0.98,True,163.51
21.2,9.78,0.07,0,0.03,6.93,0.62,1.07,293.79,1.28,True,247.48
24.2,8.3,0.04,8,0.03,3.32,1.0,3.69,8.83,0.27,False,62.16
23.7,8.1,0.36,7,0.01,5.74,0.74,1.39,1.34,0.9,False,78.26
20.2,2.96,0.28,0,0.22,3.78,1.19,2.73,33.85,0.36,False,392.23
24.9,7.51,0.09,6,0.01,4.9,0.83,1.79,314.28,0.66,False,45.03
23.4,18.78,0.4,6,0.03,5.64,0.89,1.29,49.0,0.87,False,89.86
20.2,2.96,0.28,0,0.22,3.78,1.19,2.73,105.72,0.36,False,392.23
24.4,10.02,0.09,8,0.09,3.36,1.07,3.5,0.43,0.29,False,56.69
23.3,10.0,0.07,8,0.06,3.32,0.97,3.69,11.56,0.28,False,94.09
24.5,10.72,0.07,8,0.07,4.67,0.9,1.89,40.48,0.6,False,54.14
25.7,4.1,0.05,8,0.04,4.68,1.01,1.82,16.7,0.59,False,31.16
22.5,13.04,0.4,1,0.04,6.03,0.53,1.45,334.88,1.0,False,136.0
19.0,20.06,0.4,1,0.1,3.6,0.53,3.22,183.26,0.38,False,681.62
23.4,7.12,0.12,6,0.1,3.22,1.09,3.88,349.3,0.25,False,89.86
20.3,15.02,0.42,1,0.15,4.54,0.4,2.31,111.29,0.62,False,374.58
26.3,6.23,0.05,8,0.03,3.77,1.02,2.84,353.96,0.37,False,23.63
26.5,9.41,0.01,8,0.0,4.49,0.87,2.09,26.98,0.55,False,21.55
25.7,4.88,0.05,7,0.05,4.11,1.03,2.36,92.68,0.45,False,31.16
20.1,10.57,0.16,0,0.05,3.85,0.87,2.77,259.94,0.4,True,410.72
23.1,16.13,0.18,6,0.02,7.26,0.45,1.13,66.68,1.39,False,103.17
22.0,14.03,0.4,1,0.03,6.51,0.61,1.21,168.66,1.14,False,171.22
27.6,6.47,0.0,6,0.0,5.55,0.88,1.36,239.89,0.83,False,12.99
19.1,25.07,0.25,1,0.15,4.26,0.24,2.57,322.44,0.59,False,650.94
25.1,12.86,0.01,7,0.0,5.11,0.7,1.76,237.74,0.73,False,41.07
20.9,3.62,0.29,0,0.05,4.92,1.01,1.63,289.72,0.65,False,284.15
19.5,23.65,0.21,2,0.15,3.5,0.38,3.36,169.64,0.39,False,541.43
25.8,6.22,0.03,8,0.01,5.7,0.85,1.31,300.3,0.88,False,29.75
22.4,13.64,0.15,1,0.02,5.87,0.43,1.59,205.69,0.97,False,142.41
29.8,5.77,0.22,6,0.0,5.95,0.83,1.22,240.23,0.95,False,4.72
26.4,12.76,0.14,7,0.0,7.68,0.4,1.08,165.09,1.54,False,22.57
25.5,9.09,0.13,6,0.03,5.64,0.92,1.28,323.27,0.86,False,34.16
20.6,9.2,0.15,1,0.13,3.67,1.06,2.95,14.86,0.35,False,326.24
24.2,5.78,0.05,6,0.03,5.94,0.9,1.16,315.38,0.95,False,62.16
25.3,10.64,0.06,7,0.02,7.48,0.52,1.01,287.64,1.47,False,37.46
22.5,16.55,0.45,3,0.02,6.25,0.46,1.43,238.25,1.08,False,136.0
26.5,15.43,0.35,7,0.02,4.37,1.02,2.09,330.91,0.51,False,21.55
27.1,3.52,0.01,6,0.02,5.95,0.97,1.08,84.48,0.95,False,16.35
25.8,11.48,0.03,8,0.02,4.54,0.87,2.05,330.29,0.56,False,29.75
26.6,7.65,0.0,6,0.0,5.48,0.89,1.38,125.65,0.81,False,20.58
19.7,19.63,0.43,2,0.02,4.63,0.56,2.17,66.7,0.62,True,493.79
19.8,17.03,0.37,1,0.09,7.14,0.32,1.26,271.49,1.41,False,471.57
22.1,10.87,0.43,3,0.08,6.17,0.59,1.33,263.95,1.05,False,163.51
22.0,28.84,0.2,1,0.04,7.45,0.18,1.31,7.14,1.53,False,171.22
21.9,14.51,0.37,7,0.04,5.2,0.88,1.49,62.6,0.76,True,179.28
22.3,30.0,0.44,5,0.04,6.9,0.38,1.29,101.44,1.3,False,149.12
22.8,9.23,0.2,9,0.03,5.01,0.83,1.7,299.16,0.69,False,118.45
19.0,15.35,0.27,0,0.08,7.86,0.45,1.0,75.33,1.6,False,681.62
27.5,4.98,0.03,6,0.02,6.66,0.75,1.03,22.8,1.18,False,13.6
21.1,17.7,0.39,1,0.01,4.89,0.82,1.71,79.65,0.7,True,259.14
18.6,24.23,0.28,3,0.27,3.2,0.58,3.82,192.76,0.3,False,819.49
29.4,5.78,0.24,6,0.0,6.94,0.7,0.99,183.02,1.27,False,5.67
20.19,5.89,0.28,0,0.0,5.52,0.9,1.36,101.7,0.82,True,394.04
21.0,26.75,0.1,0,0.02,4.04,0.44,2.74,201.26,0.49,True,271.36
20.4,20.59,0.43,0,0.02,4.28,0.97,2.21,223.72,0.49,True,357.72
28.0,6.56,0.45,7,0.0,4.81,0.9,1.81,14.86,0.63,False,10.8
18.8,17.79,0.31,2,0.05,3.6,0.96,3.09,340.18,0.34,False,747.38
28.9,27.32,0.35,6,0.0,3.58,0.7,3.24,159.97,0.36,False,7.14
27.0,9.42,0.3,6,0.01,6.37,0.57,1.29,48.36,1.1,False,17.12
24.3,6.68,0.05,7,0.04,3.57,1.04,3.16,267.6,0.32,False,59.37
25.8,14.91,0.43,7,0.03,5.44,1.0,1.31,94.37,0.8,False,29.75
20.3,18.36,0.41,1,0.02,7.49,0.53,1.01,51.2,1.46,True,374.58
26.5,5.26,0.01,6,0.0,5.78,0.9,1.23,62.49,0.9,False,21.55
23.6,9.43,0.03,7,0.03,6.88,0.63,1.07,332.72,1.26,False,81.95
20.9,12.06,0.5,8,0.06,5.81,0.54,1.51,288.63,0.95,False,284.15
24.9,25.81,0.38,7,0.01,6.39,0.49,1.35,223.74,1.11,False,45.03
20.5,9.75,0.15,0,0.03,6.04,0.93,1.08,173.3,0.98,True,341.62
19.8,13.67,0.09,0,0.04,3.27,0.81,3.78,98.9,0.28,True,471.57
24.5,7.85,0.34,7,0.0,5.91,0.71,1.34,166.56,0.95,False,54.14
20.5,15.91,0.14,1,0.12,6.47,0.42,1.37,27.87,1.16,False,341.62
26.6,15.75,0.36,5,0.01,6.46,0.77,1.07,179.06,1.11,False,20.58
27.9,4.84,0.16,5,0.0,6.37,0.72,1.16,58.27,1.09,False,11.31
20.4,10.43,0.31,1,0.03,6.87,0.69,1.02,182.79,1.25,True,357.72
23.2,19.0,0.47,2,0.05,6.32,0.75,1.14,40.69,1.08,False,98.52
20.4,10.43,0.31,1,0.03,6.87,0.69,1.02,71.98,1.25,True,357.72
19.0,11.45,0.29,0,0.14,3.28,1.09,3.73,0.47,0.26,False,681.62
19.4,31.55,0.46,0,0.04,5.2,0.59,1.75,326.36,0.78,True,566.95
19.4,31.55,0.46,0,0.04,5.2,0.59,1.75,277.94,0.78,True,566.95
23.6,2.42,0.15,8,0.15,4.32,1.16,2.04,355.51,0.49,False,81.95
20.9,19.62,0.04,8,0.02,3.18,0.7,3.96,345.79,0.28,True,284.15
20.7,18.83,0.15,0,0.04,5.91,0.9,1.11,344.35,0.98,True,311.56
18.6,16.23,0.1,1,0.04,3.58,0.98,3.05,319.22,0.34,True,819.49
23.4,6.15,0.42,7,0.02,4.79,0.9,1.82,326.61,0.62,False,89.86
24.4,17.9,0.33,5,0.0,6.14,0.71,1.25,282.7,1.02,False,56.69
26.5,9.39,0.23,6,0.01,6.45,0.82,1.04,81.52,1.11,False,21.55
23.2,13.54,0.05,7,0.03,4.07,0.79,2.55,47.89,0.46,False,98.52
20.3,19.67,0.44,1,0.19,6.48,0.57,1.25,357.02,1.14,False,374.58
19.3,21.69,0.22,1,0.01,6.25,0.57,1.31,115.58,1.08,True,593.67
22.5,26.22,0.2,6,0.01,3.81,0.67,2.83,322.69,0.43,False,136.0
19.4,20.18,0.34,5,0.06,4.48,0.81,2.11,94.12,0.56,False,566.95
26.9,3.96,0.14,7,0.03,6.06,0.84,1.17,264.44,0.98,False,17.93
19.8,9.85,0.43,3,0.02,5.03,0.97,1.57,199.93,0.69,True,471.57
19.4,21.69,0.22,0,0.01,6.25,0.57,1.31,189.25,1.08,True,566.95
25.71,6.62,0.04,6,0.04,6.61,0.73,1.06,288.93,1.16,False,30.98
19.5,12.95,0.38,0,0.03,6.46,0.64,1.19,274.16,1.12,True,541.43
20.0,13.27,0.41,1,0.06,6.73,0.63,1.12,231.51,1.21,False,430.07
26.2,4.68,0.29,7,0.0,6.0,0.86,1.16,196.5,0.97,False,24.75
24.1,13.16,0.15,6,0.06,5.23,0.88,1.53,211.64,0.75,False,65.09
24.4,4.83,0.49,6,0.07,4.41,1.06,2.02,237.87,0.52,False,56.69
21.2,18.51,0.11,0,0.05,5.28,0.55,1.77,8.22,0.79,True,247.48
21.7,16.9,0.29,0,0.21,6.74,0.48,1.22,284.93,1.25,False,196.58
20.7,14.25,0.27,4,0.12,3.97,0.75,2.69,334.12,0.44,False,311.56
20.4,23.67,0.44,6,0.06,7.97,0.33,1.08,16.06,1.66,False,357.72
22.61,1.98,0.33,4,0.17,4.49,1.12,1.88,52.73,0.53,False,129.16
18.7,26.09,0.39,0,0.13,4.65,1.06,1.58,88.37,0.65,False,782.6
22.7,15.09,0.4,7,0.04,4.33,1.03,2.1,227.96,0.5,False,124.03
21.6,18.48,0.11,6,0.11,3.88,1.07,2.41,317.59,0.43,False,205.85
20.6,21.85,0.26,6,0.26,3.63,0.52,3.14,194.9,0.4,False,326.24
24.0,6.21,0.44,4,0.08,5.42,0.95,1.35,178.21,0.8,False,68.16
19.5,16.19,0.29,0,0.02,6.78,0.63,1.1,173.44,1.23,True,541.43
19.4,25.6,0.15,0,0.06,4.05,0.56,2.64,142.09,0.49,False,566.95
21.2,10.37,0.37,2,0.01,5.75,0.73,1.38,77.69,0.91,True,247.48
20.1,26.72,0.44,6,0.14,3.18,0.78,3.94,25.07,0.27,False,411.28
22.2,5.79,0.18,5,0.18,4.53,1.08,1.88,34.52,0.55,False,156.15
25.7,13.35,0.26,6,0.02,6.41,0.74,1.13,207.6,1.09,False,31.16
23.9,12.57,0.1,6,0.0,5.65,0.85,1.3,262.78,0.88,False,71.37
23.39,4.38,0.2,6,0.19,3.36,1.2,3.56,4.51,0.27,False,90.31
23.8,6.19,0.4,6,0.19,3.49,1.2,3.28,114.82,0.29,False,74.74
23.8,5.15,0.15,6,0.15,3.58,1.16,3.09,203.77,0.32,False,74.74
21.0,21.58,0.11,6,0.1,5.1,0.46,1.9,277.41,0.77,False,271.36
27.6,18.25,0.44,5,0.0,4.97,0.95,1.64,105.77,0.67,False,12.99
22.0,1.75,0.46,0,0.27,3.66,1.28,2.89,255.07,0.33,False,171.22
22.8,7.45,0.28,6,0.25,3.48,1.26,3.19,110.99,0.3,False,118.45
22.8,6.82,0.08,6,0.04,7.2,0.53,1.08,247.83,1.36,False,118.45
23.3,11.37,0.13,0,0.1,3.18,1.03,4.0,279.66,0.25,False,94.09
21.8,4.43,0.49,0,0.18,4.31,1.19,2.02,7.58,0.49,False,187.73
25.6,6.31,0.22,7,0.01,5.53,0.99,1.26,307.27,0.82,False,32.62
21.8,4.43,0.49,0,0.18,4.31,1.19,2.02,201.95,0.49,False,187.73
24.0,7.25,0.04,7,0.02,3.79,1.02,2.81,54.7,0.37,False,68.16
19.1,11.24,0.13,0,0.02,5.2,0.6,1.78,112.11,0.76,True,650.94
19.2,14.22,0.38,0,0.15,3.58,1.11,3.12,210.24,0.32,False,621.65
21.1,30.7,0.44,1,0.16,4.89,0.4,2.06,33.17,0.72,False,259.14
24.7,4.88,0.24,7,0.02,5.24,0.93,1.48,20.91,0.74,False,49.38
21.8,9.71,0.23,2,0.22,6.17,0.67,1.27,317.98,1.04,False,187.73
24.9,12.72,0.33,4,0.0,6.11,0.9,1.08,274.64,1.0,False,45.03
27.6,10.36,0.35,3,0.0,7.54,0.49,1.03,22.86,1.49,False,12.99
23.2,5.59,0.15,7,0.14,3.36,1.14,3.56,9.52,0.27,False,98.52
26.5,7.99,0.0,7,0.0,3.91,0.98,2.66,176.22,0.4,False,21.55
22.6,6.89,0.21,7,0.2,4.09,1.2,2.25,310.41,0.44,False,129.88
21.6,9.91,0.15,6,0.1,3.32,1.1,3.63,3.15,0.27,False,205.85
22.0,12.27,0.31,2,0.13,5.87,0.77,1.29,171.38,0.95,False,171.22
22.0,18.44,0.39,7,0.11,4.9,1.06,1.54,127.54,0.67,False,171.22
19.1,17.98,0.34,3,0.01,3.73,0.96,2.92,6.62,0.36,True,650.94
26.2,19.69,0.38,6,0.02,6.39,0.7,1.16,355.17,1.1,False,24.75
21.9,7.09,0.48,0,0.06,4.63,0.9,1.94,103.28,0.58,False,179.28
25.1,9.56,0.2,7,0.01,6.04,0.63,1.35,296.66,1.0,False,41.07
20.5,18.89,0.13,0,0.03,4.34,0.56,2.35,45.72,0.56,True,341.62
20.4,14.0,0.33,1,0.05,6.48,0.43,1.35,85.12,1.17,False,357.72
27.4,14.15,0.33,6,0.01,6.56,0.76,1.05,323.72,1.14,False,14.24
24.9,15.24,0.02,9,0.0,5.14,0.61,1.81,50.02,0.74,False,45.03
25.1,8.6,0.04,8,0.04,4.04,0.99,2.46,14.34,0.43,False,41.07
22.8,8.12,0.17,9,0.14,3.43,1.11,3.4,12.11,0.29,False,118.45
19.5,14.39,0.1,0,0.05,6.34,0.79,1.08,161.89,1.1,False,541.43
21.2,7.01,0.45,0,0.06,5.03,1.04,1.53,294.25,0.68,False,247.48
25.7,9.14,0.03,3,0.01,6.67,0.63,1.14,291.36,1.19,False,31.16
22.3,7.98,0.28,7,0.13,5.12,1.05,1.44,321.65,0.71,False,149.12
25.5,3.82,0.04,6,0.04,4.39,1.04,2.06,226.85,0.51,False,34.16
26.2,13.11,0.14,6,0.0,4.05,0.94,2.48,282.27,0.44,False,24.75
18.9,10.41,0.36,0,0.25,4.74,1.11,1.64,187.95,0.61,False,713.74
25.6,7.28,0.13,6,0.01,5.97,0.91,1.13,131.51,0.96,False,32.62
27.7,9.86,0.2,8,0.0,6.58,0.48,1.3,280.33,1.17,False,12.4
21.0,18.43,0.44,3,0.06,6.87,0.54,1.15,314.28,1.26,False,271.36
21.1,14.96,0.27,8,0.27,3.5,1.21,2.99,349.58,0.32,False,259.14
23.2,13.75,0.04,9,0.01,4.83,0.99,1.65,10.36,0.65,False,98.52
19.9,9.63,0.17,0,0.08,6.42,0.55,1.29,169.39,1.12,False,450.34
21.5,6.83,0.39,0,0.04,5.31,0.91,1.46,238.16,0.76,True,215.55
24.7,6.97,0.03,7,0.03,5.19,1.02,1.42,1.78,0.73,False,49.38
20.9,15.72,0.03,1,0.03,5.2,0.81,1.57,152.33,0.76,True,284.15
24.8,12.3,0.31,4,0.02,5.5,0.96,1.31,296.17,0.81,False,47.16
25.4,18.97,0.48,5,0.02,6.78,0.48,1.24,213.44,1.24,False,35.77
21.8,11.53,0.11,7,0.06,5.3,0.78,1.57,117.92,0.77,False,187.73
24.7,12.1,0.04,9,0.03,3.23,0.96,3.85,7.53,0.26,False,49.38
23.4,6.84,0.08,7,0.08,3.18,1.06,4.02,240.18,0.24,False,89.86
23.9,24.16,0.49,8,0.04,4.34,0.91,2.19,26.53,0.51,False,71.37
20.2,18.93,0.45,0,0.01,4.3,0.98,2.17,177.33,0.5,True,392.23
23.8,6.66,0.09,3,0.03,6.6,0.65,1.15,351.58,1.16,False,74.74
22.2,4.27,0.2,0,0.02,6.43,0.75,1.11,79.9,1.1,True,156.15
19.2,17.33,0.25,1,0.06,4.7,0.87,1.84,256.17,0.62,False,621.65
22.7,28.77,0.48,7,0.06,6.5,0.58,1.2,0.71,1.17,False,124.03
23.6,25.56,0.49,5,0.06,3.34,0.93,3.62,59.63,0.29,False,81.95
24.93,11.11,0.02,7,0.0,5.67,0.86,1.3,171.44,0.88,False,44.38
19.7,17.19,0.45,0,0.21,3.96,1.18,2.25,299.32,0.44,False,493.79
23.6,4.86,0.14,7,0.06,5.63,1.06,1.14,230.29,0.85,False,81.95
27.1,7.49,0.16,7,0.0,5.88,0.98,1.1,44.53,0.93,False,16.35
25.9,19.09,0.16,0,0.01,3.5,0.82,3.35,221.23,0.33,False,28.41
27.1,9.44,0.01,7,0.0,4.08,0.91,2.48,292.56,0.45,False,16.35
20.8,6.79,0.23,0,0.02,6.1,0.71,1.26,350.6,1.0,True,297.54
20.1,5.42,0.26,0,0.0,5.99,0.77,1.25,81.04,0.97,True,410.72
20.0,16.8,0.35,1,0.16,4.76,1.03,1.68,250.48,0.62,False,430.07
25.5,9.75,0.23,7,0.02,4.9,1.0,1.64,10.81,0.65,False,34.16
24.2,13.57,0.07,0,0.0,4.86,0.76,1.86,77.2,0.66,False,62.16
23.7,9.09,0.47,3,0.01,5.23,0.92,1.49,242.85,0.74,False,78.26
20.5,29.55,0.34,0,0.09,6.55,0.4,1.35,292.85,1.2,False,341.62
23.2,29.01,0.49,0,0.05,5.73,0.59,1.52,337.94,0.91,False,98.52
18.8,30.82,0.16,0,0.02,3.1,0.38,3.99,118.57,0.31,True,747.38
25.0,13.68,0.4,5,0.07,4.78,1.04,1.71,210.29,0.61,False,43.01
19.2,6.96,0.46,0,0.01,4.9,0.95,1.7,260.79,0.65,True,621.65
19.7,9.54,0.32,0,0.27,3.35,1.1,3.49,9.26,0.28,False,493.79
19.7,11.9,0.22,3,0.2,7.95,0.36,1.06,158.73,1.65,False,493.79
21.1,12.71,0.04,8,0.04,4.28,0.78,2.34,331.97,0.51,True,259.14
22.5,7.81,0.09,7,0.04,3.63,1.03,3.07,212.63,0.34,False,136.0
27.5,6.86,0.0,8,0.0,4.81,0.91,1.8,30.03,0.63,False,13.6
21.1,17.88,0.42,0,0.04,5.56,0.89,1.34,28.79,0.83,True,259.14
23.4,10.88,0.01,2,0.0,6.83,0.52,1.19,224.55,1.25,False,89.86
23.1,9.2,0.46,6,0.0,4.92,0.99,1.62,294.81,0.66,False,103.17
24.4,10.55,0.04,8,0.03,4.58,0.83,2.04,325.45,0.57,False,56.69
20.4,17.79,0.34,0,0.17,5.03,1.03,1.47,96.28,0.71,False,357.72
21.2,10.77,0.18,7,0.04,4.52,0.76,2.12,10.94,0.57,True,247.48
21.1,14.81,0.05,5,0.05,3.25,1.01,3.65,342.43,0.28,True,259.14
26.2,10.97,0.03,8,0.02,6.07,0.62,1.35,77.31,1.0,False,24.75
22.9,7.56,0.14,3,0.01,4.68,0.94,1.86,127.92,0.6,False,113.12
26.1,16.01,0.38,0,0.04,6.07,0.88,1.12,103.54,0.99,False,25.91
20.4,17.79,0.34,0,0.17,5.03,1.03,1.47,237.4,0.71,False,357.72
20.8,16.12,0.26,1,0.18,4.28,1.0,2.14,105.5,0.5,False,297.54
22.3,21.75,0.23,0,0.0,5.1,0.63,1.82,329.67,0.73,False,149.12
25.3,5.44,0.15,5,0.02,6.12,0.92,1.06,12.35,1.0,False,37.46
20.8,18.74,0.49,2,0.11,6.51,0.46,1.33,142.84,1.16,False,297.54
27.4,6.13,0.12,4,0.0,5.31,0.98,1.4,85.41,0.76,False,14.24
26.1,8.24,0.01,8,0.01,4.28,0.92,2.25,18.93,0.49,False,25.91
19.0,17.95,0.35,1,0.21,4.01,0.96,2.34,302.3,0.47,False,681.62
28.4,9.92,0.01,8,0.0,4.64,0.84,1.98,30.26,0.59,False,8.99
19.4,13.97,0.1,0,0.06,3.84,0.98,2.69,60.41,0.4,False,566.95
28.4,2.38,0.09,3,0.0,6.03,0.93,1.09,337.06,0.97,False,8.99
21.5,18.08,0.3,0,0.25,4.39,1.0,1.93,355.83,0.55,False,215.55
20.6,14.53,0.19,6,0.07,3.67,0.98,3.0,267.84,0.35,False,326.24
20.6,25.6,0.45,0,0.04,6.45,0.54,1.29,330.3,1.13,True,326.24
21.8,9.56,0.33,1,0.1,6.0,0.62,1.38,5.85,0.98,False,187.73
20.4,27.45,0.16,0,0.01,4.67,0.4,2.23,358.85,0.65,True,357.72
20.9,29.72,0.42,8,0.01,6.92,0.56,1.08,139.17,1.33,True,284.15
22.5,21.64,0.5,2,0.12,4.64,0.97,1.86,35.85,0.58,False,136.0
25.0,12.53,0.18,7,0.01,5.54,0.83,1.4,352.03,0.83,False,43.01
20.0,23.71,0.18,0,0.03,3.61,0.67,3.19,336.06,0.37,True,430.07
28.7,8.69,0.0,7,0.0,3.88,0.97,2.69,50.24,0.4,False,7.83
21.3,9.16,0.4,3,0.12,6.18,0.48,1.43,356.5,1.06,False,236.34
23.17,9.95,0.13,6,0.1,4.66,1.09,1.72,69.82,0.59,False,99.71
20.4,6.67,0.09,1,0.08,6.15,0.81,1.15,337.56,1.01,False,357.72
21.6,14.08,0.22,0,0.21,4.52,1.03,1.86,296.31,0.57,False,205.85
20.9,7.48,0.19,1,0.14,3.58,1.11,3.12,125.66,0.32,False,284.15
19.9,14.34,0.17,1,0.09,7.04,0.62,1.02,39.16,1.32,False,450.34
23.3,9.21,0.26,5,0.02,5.74,0.73,1.4,110.17,0.9,False,94.09
22.1,13.97,0.43,5,0.09,4.82,1.01,1.63,33.09,0.65,False,163.51
21.3,19.97,0.38,5,0.04,4.05,0.93,2.47,244.8,0.44,True,236.34
24.4,6.24,0.32,0,0.03,5.36,1.02,1.33,232.04,0.77,False,56.69
19.3,18.52,0.3,0,0.04,4.01,0.97,2.48,207.87,0.43,True,593.67
26.5,3.09,0.06,1,0.01,6.13,0.97,1.0,58.24,1.0,False,21.55
24.7,12.94,0.22,8,0.09,6.11,0.82,1.13,219.34,1.02,False,49.38
25.5,14.7,0.23,7,0.02,5.07,0.91,1.61,72.43,0.7,False,34.16
21.2,1.98,0.31,4,0.22,4.56,1.22,1.74,218.82,0.55,False,247.48
22.1,13.58,0.28,3,0.08,6.17,0.59,1.33,263.95,1.05,False,163.51
19.8,26.22,0.4,0,0.08,3.8,0.9,2.71,98.75,0.41,False,471.57
21.2,19.99,0.31,1,0.12,5.97,0.62,1.39,341.66,0.97,False,247.48
20.7,25.69,0.25,6,0.11,4.08,0.61,2.62,330.06,0.48,False,311.56
24.5,11.49,0.16,4,0.0,4.52,0.95,2.0,283.15,0.55,False,54.14
29.34,11.63,0.31,5,0.0,6.44,0.8,1.06,238.77,1.1,False,5.81
19.1,15.86,0.42,0,0.04,7.03,0.52,1.13,210.57,1.32,True,650.94
20.9,11.64,0.13,6,0.11,4.37,1.02,2.03,176.79,0.52,False,284.15
21.7,16.65,0.29,4,0.06,4.5,0.95,2.02,214.47,0.55,False,196.58
20.6,5.5,0.26,2,0.2,3.75,1.14,2.78,250.49,0.36,False,326.24
20.0,11.6,0.05,1,0.03,5.9,0.88,1.17,234.38,0.95,True,430.07
20.2,8.83,0.28,0,0.03,5.07,0.92,1.58,98.92,0.71,True,392.23
24.6,10.63,0.31,6,0.07,6.69,0.65,1.11,98.1,1.2,False,51.71
24.6,10.67,0.01,8,0.01,4.54,0.89,2.01,334.41,0.56,False,51.71
25.3,4.69,0.17,5,0.03,6.14,0.81,1.16,180.57,1.01,False,37.46
18.7,13.6,0.17,0,0.07,3.6,0.91,3.12,67.99,0.34,False,782.6
27.1,9.34,0.28,6,0.01,6.31,0.68,1.21,45.69,1.07,False,16.35
28.4,6.97,0.01,5,0.0,6.31,0.77,1.13,193.83,1.07,False,8.99
18.7,13.6,0.17,0,0.07,3.6,0.91,3.12,205.39,0.34,False,782.6
23.7,5.37,0.3,7,0.03,5.46,0.9,1.39,214.86,0.8,False,78.26
25.6,5.14,0.26,5,0.03,6.47,0.68,1.15,248.65,1.12,False,32.62
22.7,19.14,0.37,6,0.01,3.56,0.98,3.21,113.1,0.33,False,124.03
27.8,23.91,0.47,7,0.0,4.32,0.88,2.24,77.22,0.51,False,11.85
23.1,3.68,0.38,1,0.24,3.66,1.25,2.89,128.45,0.33,False,103.17
23.6,11.18,0.4,7,0.01,7.15,0.52,1.11,263.41,1.35,False,81.95
19.0,19.43,0.43,1,0.09,6.79,0.53,1.18,322.53,1.25,False,681.62
25.0,16.86,0.05,6,0.0,4.9,0.7,1.86,295.22,0.68,False,43.01
21.7,16.47,0.43,1,0.14,4.36,1.08,2.04,55.5,0.51,False,196.58
19.0,19.81,0.24,0,0.24,3.78,0.96,2.63,92.06,0.41,False,681.62
25.3,8.91,0.09,7,0.0,4.88,0.94,1.72,174.77,0.64,False,37.46
20.2,8.5,0.44,0,0.12,5.18,1.03,1.41,308.68,0.73,False,392.23
23.1,17.64,0.41,6,0.0,4.92,0.99,1.62,294.81,0.66,False,103.17
23.1,15.9,0.43,4,0.15,5.04,1.06,1.43,142.59,0.71,False,103.17
20.3,10.79,0.24,3,0.09,4.77,0.98,1.75,149.01,0.62,False,374.58
19.0,16.96,0.29,1,0.21,4.01,0.96,2.34,302.3,0.47,False,681.62
24.8,8.63,0.28,7,0.03,5.99,0.74,1.28,341.83,0.97,False,47.16
22.0,5.56,0.1,1,0.09,4.65,1.08,1.77,307.96,0.58,False,171.22
18.8,21.74,0.49,2,0.19,3.89,0.48,2.85,243.11,0.46,False,747.38
29.1,15.68,0.44,6,0.0,5.85,0.93,1.17,97.99,0.92,False,6.51
21.9,21.35,0.43,2,0.04,6.45,0.56,1.25,220.47,1.15,True,179.28
21.2,19.02,0.1,6,0.07,4.47,0.81,2.07,317.56,0.57,False,247.48
21.3,13.72,0.38,6,0.21,5.05,1.19,1.3,189.58,0.71,False,236.34
26.3,8.04,0.5,6,0.0,5.63,0.79,1.39,125.09,0.87,False,23.63
30.8,31.85,0.49,6,0.0,3.96,0.68,2.73,60.87,0.44,False,2.98
21.4,22.38,0.49,1,0.02,7.02,0.48,1.16,139.34,1.33,True,225.71
19.5,8.29,0.13,0,0.06,4.07,1.07,2.39,334.53,0.43,False,541.43
23.8,5.68,0.1,6,0.09,4.83,1.1,1.6,124.21,0.63,False,74.74
23.6,6.93,0.02,6,0.02,3.49,1.02,3.32,44.09,0.31,False,81.95
21.4,4.61,0.18,6,0.17,3.43,1.16,3.41,316.61,0.28,False,225.71
23.2,23.68,0.46,7,0.26,6.52,0.51,1.27,59.96,1.18,False,98.52
25.2,13.99,0.13,8,0.03,8.0,0.36,1.06,216.45,1.66,False,39.22
19.5,8.29,0.13,0,0.06,4.07,1.07,2.39,148.26,0.43,False,541.43
23.4,14.57,0.39,0,0.0,5.45,0.99,1.31,55.97,0.8,False,89.86
23.1,11.64,0.37,7,0.09,4.36,1.09,2.03,49.54,0.51,False,103.17
25.3,5.47,0.08,9,0.08,3.63,1.08,3.04,8.39,0.33,False,37.46
25.3,8.49,0.12,8,0.0,7.13,0.53,1.1,238.76,1.34,False,37.46
20.4,25.02,0.41,1,0.16,5.02,0.75,1.72,67.5,0.72,False,357.72
27.6,20.37,0.43,6,0.0,5.99,0.74,1.29,194.07,0.97,False,12.99
23.9,16.71,0.36,7,0.12,6.36,0.71,1.14,101.85,1.1,False,71.37
19.8,16.16,0.44,0,0.06,6.69,0.54,1.21,63.66,1.2,False,471.57
23.6,6.75,0.05,5,0.04,3.46,1.03,3.38,13.92,0.3,False,81.95
19.5,18.03,0.17,5,0.01,4.39,0.99,1.97,188.53,0.55,True,541.43
26.1,11.61,0.34,4,0.04,5.7,0.98,1.19,238.31,0.87,False,25.91
25.9,8.18,0.46,2,0.0,5.32,0.84,1.52,167.87,0.77,False,28.41
19.9,14.12,0.29,1,0.09,7.04,0.62,1.02,39.16,1.32,False,450.34
22.2,28.01,0.41,1,0.05,5.51,0.55,1.65,165.12,0.85,False,156.15
24.52,11.81,0.3,7,0.04,6.42,0.83,1.03,145.15,1.1,False,53.6
26.0,16.32,0.47,6,0.01,6.64,0.45,1.31,28.82,1.2,False,27.14
21.0,2.01,0.26,1,0.26,4.53,1.26,1.74,138.41,0.54,False,271.36
21.8,10.32,0.27,2,0.22,6.17,0.67,1.27,317.98,1.04,False,187.73
21.5,26.63,0.43,4,0.25,3.78,0.96,2.59,49.1,0.42,False,215.55
25.6,4.21,0.09,4,0.02,5.68,0.98,1.2,193.44,0.87,False,32.62
21.0,31.54,0.15,7,0.01,3.24,0.66,3.25,240.88,0.36,True,271.36
21.4,16.88,0.14,7,0.03,3.35,0.95,3.54,346.11,0.29,True,225.71
20.2,15.07,0.06,0,0.01,6.88,0.46,1.22,42.1,1.27,True,392.23
21.8,12.84,0.14,0,0.07,5.59,1.08,1.11,90.85,0.86,False,187.73
24.2,3.81,0.19,6,0.03,5.94,0.9,1.16,315.38,0.95,False,62.16
25.6,8.82,0.05,7,0.05,6.59,0.63,1.16,123.31,1.16,False,32.62
22.7,5.25,0.03,1,0.0,6.55,0.8,1.02,16.18,1.14,False,124.03
25.1,10.16,0.35,0,0.03,7.04,0.57,1.08,44.9,1.31,False,41.07
19.3,25.86,0.5,1,0.01,6.38,0.43,1.38,124.42,1.15,True,593.67
25.0,17.72,0.39,7,0.05,7.01,0.62,1.05,244.43,1.3,False,43.01
22.9,19.32,0.46,2,0.0,5.6,0.54,1.61,305.75,0.88,False,113.12
22.5,18.13,0.07,8,0.04,3.8,0.97,2.62,347.94,0.41,False,136.0
18.6,13.04,0.48,0,0.25,6.02,0.66,1.31,135.55,1.01,False,819.49
19.5,26.75,0.21,0,0.2,4.67,0.29,2.23,312.37,0.7,False,541.43
19.5,16.22,0.46,0,0.05,6.34,0.79,1.08,161.89,1.1,False,541.43
21.2,13.43,0.03,2,0.01,5.75,0.73,1.38,77.69,0.91,True,247.48
22.2,7.64,0.13,2,0.13,6.18,0.83,1.12,257.39,1.03,False,156.15
25.1,7.25,0.06,8,0.06,4.87,1.03,1.63,342.75,0.64,False,41.07
24.1,5.8,0.09,7,0.07,6.58,0.7,1.1,25.1,1.15,False,65.09
19.4,22.06,0.12,0,0.12,3.35,0.6,3.6,97.98,0.32,False,566.95
22.5,17.33,0.46,3,0.02,6.25,0.46,1.43,238.25,1.08,False,136.0
24.2,14.39,0.1,1,0.0,6.06,0.81,1.16,80.65,1.01,False,62.16
28.3,22.72,0.5,6,0.0,5.47,0.82,1.45,15.74,0.81,False,9.41
21.9,17.09,0.16,7,0.12,3.53,0.83,3.27,133.5,0.34,False,179.37
23.3,19.75,0.49,4,0.03,6.63,0.5,1.27,309.49,1.19,False,94.09
20.4,16.51,0.49,0,0.05,7.35,0.4,1.16,206.54,1.43,False,357.72
26.1,9.87,0.04,7,0.02,7.42,0.44,1.11,36.34,1.45,False,25.91
23.6,15.36,0.43,1,0.01,7.24,0.56,1.04,252.65,1.38,False,81.95
21.8,8.71,0.32,2,0.08,5.29,1.05,1.33,69.72,0.76,False,187.73
26.5,25.39,0.39,4,0.0,3.72,0.82,2.99,285.69,0.37,False,21.55
20.4,16.51,0.49,0,0.05,7.35,0.4,1.16,59.6,1.43,False,357.72
23.1,11.32,0.12,8,0.04,4.98,0.75,1.79,61.49,0.69,False,103.17
26.7,5.54,0.34,6,0.0,5.11,0.9,1.59,281.46,0.71,False,19.66
24.7,5.3,0.02,6,0.01,5.9,0.88,1.19,34.64,0.94,False,49.38
22.8,21.4,0.29,1,0.01,5.88,0.86,1.16,169.67,0.97,False,118.45
25.0,9.02,0.24,7,0.07,5.39,1.01,1.31,232.67,0.79,False,43.01
24.63,9.21,0.15,6,0.01,5.71,1.0,1.15,57.59,0.89,False,51.02
18.8,26.44,0.48,1,0.19,6.12,0.5,1.43,59.67,1.04,False,747.38
19.4,15.25,0.37,0,0.04,5.2,0.59,1.75,326.36,0.78,True,566.95
20.8,17.39,0.46,2,0.11,6.51,0.46,1.33,142.84,1.16,False,297.54
24.6,12.85,0.06,7,0.03,5.7,0.69,1.46,327.29,0.89,False,51.71
19.4,15.25,0.37,0,0.04,5.2,0.59,1.75,277.94,0.78,True,566.95
26.9,6.63,0.06,7,0.01,4.28,1.0,2.2,300.96,0.49,False,17.93
24.0,4.28,0.26,5,0.18,3.64,1.15,2.99,89.11,0.33,False,68.16
21.8,15.01,0.07,0,0.03,5.56,0.64,1.56,206.28,0.85,True,187.73
25.4,18.32,0.12,7,0.0,7.73,0.32,1.15,291.94,1.57,False,35.77
24.1,9.01,0.23,6,0.02,5.67,0.98,1.21,239.82,0.86,False,65.09
20.5,16.44,0.46,0,0.0,4.6,0.29,2.33,212.11,0.66,True,341.62
19.1,12.61,0.15,0,0.12,3.48,0.84,3.36,65.06,0.32,False,650.94
21.4,10.29,0.17,1,0.06,5.97,0.85,1.17,96.26,0.97,False,225.71
25.0,9.5,0.47,7,0.0,5.63,0.76,1.43,11.14,0.87,False,43.01
19.1,16.9,0.33,1,0.1,3.22,0.71,3.83,298.33,0.29,False,650.94
23.6,10.82,0.14,6,0.1,6.06,0.86,1.12,300.37,1.0,False,81.95
19.7,11.61,0.25,0,0.0,4.5,0.55,2.29,286.77,0.58,True,493.79
21.4,11.85,0.15,6,0.1,4.2,0.92,2.32,224.88,0.48,False,225.71
22.6,19.4,0.26,2,0.02,7.56,0.43,1.09,340.69,1.5,False,129.88
27.4,13.25,0.28,6,0.01,6.56,0.76,1.05,323.72,1.14,False,14.24
19.6,16.86,0.49,5,0.28,3.93,1.14,2.3,140.21,0.44,False,517.06
24.6,11.5,0.15,2,0.0,5.68,0.84,1.33,145.99,0.87,False,51.71
23.33,17.26,0.39,7,0.0,6.03,0.54,1.42,332.56,1.01,False,92.76
21.1,12.4,0.18,2,0.12,6.16,0.8,1.14,22.63,1.03,False,259.14
24.38,8.85,0.16,7,0.01,4.84,0.78,1.87,88.98,0.65,False,57.3
19.3,26.97,0.29,0,0.0,4.08,0.63,2.62,254.72,0.48,True,593.67
18.6,28.94,0.24,0,0.22,4.28,1.16,1.63,276.49,0.6,False,819.49
20.1,12.87,0.29,2,0.13,6.13,0.66,1.29,332.43,1.02,False,410.72
26.8,18.04,0.34,6,0.0,6.24,0.71,1.2,182.61,1.05,False,18.77
24.2,8.03,0.03,7,0.05,3.23,1.03,3.88,172.58,0.26,False,62.16
19.4,16.58,0.49,0,0.02,7.4,0.48,1.07,330.63,1.44,True,566.95
23.0,8.82,0.27,5,0.1,4.55,0.97,1.92,212.4,0.57,False,108.03
28.4,2.98,0.11,3,0.0,6.03,0.93,1.09,337.06,0.97,False,8.99
21.1,15.52,0.13,1,0.07,4.14,0.91,2.36,223.11,0.47,False,259.14
21.8,1.96,0.24,1,0.22,3.96,1.2,2.45,314.32,0.4,False,187.73
24.5,11.89,0.21,7,0.05,6.17,0.83,1.12,44.32,1.03,False,54.14
21.3,17.09,0.27,5,0.19,4.5,1.03,1.87,204.49,0.57,False,236.34
23.9,12.26,0.02,7,0.01,3.21,0.91,3.94,198.0,0.26,False,71.37
19.9,8.17,0.07,0,0.01,5.09,0.94,1.56,333.12,0.71,True,450.34
24.9,15.44,0.0,6,0.0,5.53,0.59,1.62,37.02,0.85,False,45.03
28.1,4.34,0.01,6,0.0,5.68,0.93,1.25,101.03,0.87,False,10.32
26.6,10.29,0.01,7,0.01,5.17,0.78,1.66,352.07,0.73,False,20.58
22.2,14.97,0.28,8,0.01,6.06,0.31,1.6,98.18,1.05,False,156.15
21.8,21.86,0.37,1,0.02,5.93,0.79,1.23,83.16,0.97,True,187.73
20.7,14.16,0.26,6,0.1,3.76,0.74,2.95,296.03,0.39,False,311.56
28.8,5.31,0.05,7,0.0,6.75,0.67,1.08,98.78,1.21,False,7.47
24.62,7.49,0.03,5,0.01,5.76,0.82,1.31,306.23,0.9,False,51.21
25.7,9.59,0.16,7,0.04,4.0,1.03,2.5,15.98,0.42,False,31.16
21.3,15.31,0.1,0,0.01,4.21,0.6,2.51,355.4,0.51,True,236.34
24.9,9.18,0.04,8,0.0,4.57,0.92,1.99,332.92,0.56,False,45.03
21.4,9.21,0.32,0,0.28,4.68,1.19,1.62,207.13,0.59,False,225.71
26.2,16.75,0.37,6,0.01,4.23,1.01,2.24,202.22,0.48,False,24.75
21.8,10.71,0.44,4,0.21,3.79,1.19,2.66,209.08,0.37,False,187.73
24.7,11.66,0.22,6,0.02,5.72,0.9,1.25,245.47,0.88,False,49.38
25.0,13.06,0.04,9,0.04,4.23,0.96,2.22,20.03,0.49,False,43.01
19.5,21.23,0.3,0,0.11,4.42,0.96,2.0,75.97,0.55,False,541.43
23.7,6.78,0.17,6,0.16,3.39,1.14,3.46,255.88,0.28,False,78.26
27.1,9.03,0.01,7,0.0,4.25,0.91,2.29,262.63,0.49,False,16.35
22.2,16.34,0.04,1,0.01,5.49,0.51,1.7,12.28,0.85,False,156.15
24.8,5.75,0.01,6,0.01,4.44,0.99,2.04,33.35,0.53,False,47.16
18.9,20.3,0.44,0,0.08,3.62,0.57,3.06,324.15,0.4,False,713.74
25.6,3.82,0.09,6,0.09,4.05,1.08,2.42,30.49,0.43,False,32.62
20.7,11.42,0.19,0,0.11,4.16,0.77,2.46,197.72,0.48,False,311.56
23.0,28.78,0.42,8,0.01,5.83,0.49,1.56,71.69,0.95,False,108.03
25.8,2.64,0.08,2,0.0,6.13,0.87,1.1,350.14,1.0,False,29.75
25.9,9.92,0.01,7,0.0,4.53,0.86,2.06,144.97,0.56,False,28.41
22.9,4.83,0.14,0,0.13,3.81,1.13,2.72,190.39,0.37,False,113.12
27.7,14.95,0.28,7,0.0,5.53,0.88,1.37,269.33,0.82,False,12.4
22.8,8.96,0.03,7,0.02,3.31,0.97,3.7,226.17,0.28,False,118.45
24.7,17.14,0.42,0,0.01,6.97,0.66,1.02,178.37,1.28,False,49.38
19.8,21.26,0.3,0,0.12,4.91,0.27,2.13,20.92,0.75,False,471.57
19.8,14.66,0.45,1,0.06,4.92,0.92,1.63,285.63,0.69,False,471.57
21.5,2.15,0.48,0,0.13,3.64,1.12,3.0,78.95,0.33,False,215.55
19.6,4.3,0.35,1,0.21,3.52,1.2,3.21,301.6,0.3,False,517.06
19.6,11.15,0.45,1,0.18,4.59,1.03,1.82,253.58,0.58,False,517.06
21.2,22.97,0.5,2,0.16,4.97,1.11,1.34,235.96,0.72,False,247.48
25.5,3.2,0.19,5,0.03,5.53,1.01,1.25,24.51,0.82,False,34.16
22.1,14.61,0.3,6,0.15,5.77,0.79,1.31,253.98,0.92,False,163.51
19.2,18.8,0.3,0,0.24,4.97,0.39,2.02,329.4,0.75,False,621.65
24.4,16.64,0.4,2,0.0,5.93,0.87,1.18,270.76,0.94,False,56.69
21.9,7.66,0.47,3,0.01,5.2,0.89,1.54,102.24,0.73,True,179.28
19.3,20.51,0.31,0,0.02,4.25,0.83,2.14,76.34,0.54,True,593.67
20.0,10.16,0.22,1,0.07,4.32,0.79,2.27,306.75,0.52,False,430.07
20.8,12.31,0.47,1,0.14,4.15,0.54,2.55,259.64,0.51,False,297.54
28.9,6.48,0.06,7,0.0,5.65,0.81,1.38,358.66,0.87,False,7.14
26.0,8.54,0.18,7,0.04,4.94,0.96,1.66,112.55,0.66,False,27.14
26.2,23.46,0.48,5,0.01,5.37,0.78,1.54,186.02,0.79,False,24.75
23.7,8.15,0.06,7,0.05,3.51,1.05,3.26,326.34,0.31,False,78.26
25.1,13.46,0.03,8,0.02,4.74,0.76,1.95,318.79,0.63,False,41.07
26.1,4.65,0.17,6,0.01,6.02,0.96,1.06,199.87,0.97,False,25.91
22.9,6.67,0.24,5,0.18,3.41,1.19,3.44,224.82,0.28,False,113.12
26.9,19.05,0.35,7,0.01,3.77,0.95,2.87,195.88,0.37,False,17.93
19.6,12.41,0.2,4,0.03,4.42,0.94,2.05,26.06,0.54,True,517.06
25.7,2.77,0.18,0,0.05,5.24,1.0,1.42,25.68,0.74,False,31.16
20.3,15.2,0.12,1,0.05,6.84,0.32,1.35,96.7,1.29,False,374.58
24.82,4.23,0.24,6,0.04,5.69,0.95,1.23,214.18,0.87,False,46.7
23.2,13.2,0.02,7,0.0,4.01,0.81,2.61,22.48,0.44,False,98.52
22.2,14.49,0.06,9,0.02,3.3,0.79,3.73,15.04,0.29,False,156.15
19.3,17.27,0.24,0,0.03,3.51,0.99,3.24,1.29,0.32,True,593.67
20.8,15.48,0.46,1,0.14,4.15,0.54,2.55,259.64,0.51,False,297.54
18.7,7.34,0.5,0,0.14,5.58,0.79,1.4,55.13,0.86,False,782.6
18.7,7.34,0.5,0,0.14,5.58,0.79,1.4,227.04,0.86,False,782.6
21.7,8.72,0.29,3,0.05,6.36,0.65,1.22,356.78,1.09,True,196.58
21.9,12.26,0.05,8,0.0,3.74,0.82,2.96,339.96,0.38,True,179.28
22.7,9.18,0.21,2,0.0,6.48,0.77,1.07,188.11,1.12,False,124.03
21.7,5.84,0.14,7,0.14,4.61,1.08,1.8,76.43,0.57,False,196.58
22.0,17.12,0.04,8,0.0,3.67,0.76,3.02,23.32,0.38,False,171.22
21.6,14.66,0.38,0,0.02,5.41,0.58,1.68,117.64,0.82,True,205.85
24.8,5.09,0.17,6,0.01,6.31,0.84,1.07,277.91,1.06,False,47.16
21.8,7.12,0.11,2,0.04,4.42,1.02,2.04,280.61,0.52,True,187.73
20.5,24.15,0.38,1,0.21,4.85,0.66,1.94,94.74,0.67,False,341.62
21.2,24.22,0.22,6,0.08,3.72,0.66,3.04,200.5,0.39,False,247.48
19.1,12.35,0.2,0,0.14,4.56,0.91,1.95,73.36,0.58,False,650.94
21.4,15.99,0.36,2,0.08,5.84,0.63,1.43,277.08,0.95,False,225.71
24.5,17.02,0.36,7,0.0,5.19,0.92,1.53,291.37,0.73,False,54.14
21.7,5.63,0.17,5,0.16,3.58,1.15,3.11,329.57,0.32,False,196.58
21.6,7.28,0.28,0,0.18,3.25,1.16,3.84,101.75,0.25,False,205.85
19.3,15.14,0.19,4,0.14,3.86,0.65,2.85,307.18,0.43,False,593.67
27.0,8.81,0.13,6,0.01,5.1,1.01,1.49,148.55,0.7,False,17.12
21.6,21.25,0.17,9,0.16,4.17,0.97,2.1,322.02,0.52,False,205.85
22.5,10.25,0.04,8,0.04,4.73,0.85,1.89,38.36,0.61,False,136.0
19.4,21.2,0.06,0,0.06,4.05,0.56,2.64,142.09,0.49,False,566.95
24.2,5.87,0.04,6,0.03,5.94,0.9,1.16,315.38,0.95,False,62.16
20.8,8.48,0.22,2,0.05,5.8,0.74,1.36,109.07,0.91,True,297.54
22.1,15.51,0.04,1,0.01,4.71,0.69,2.03,219.68,0.62,True,163.51
22.4,6.94,0.21,5,0.18,3.41,1.19,3.42,210.05,0.28,False,142.41
21.3,23.19,0.07,9,0.07,3.59,0.76,2.97,337.38,0.39,False,236.34
25.5,11.85,0.02,8,0.02,3.92,0.9,2.67,18.23,0.41,False,34.16
26.5,6.21,0.42,7,0.02,5.02,1.02,1.55,183.8,0.68,False,21.55
21.3,6.9,0.11,0,0.08,3.57,1.06,3.14,348.58,0.32,False,236.34
20.5,22.63,0.48,1,0.05,4.2,0.54,2.54,260.31,0.52,False,341.62
23.3,6.9,0.07,6,0.07,3.36,1.06,3.57,199.4,0.28,False,94.09
24.8,6.77,0.23,7,0.08,4.73,1.09,1.71,152.68,0.6,False,47.16
20.2,11.62,0.35,1,0.03,5.68,0.42,1.68,63.47,0.92,True,392.23
21.5,7.19,0.26,3,0.16,5.8,0.84,1.27,248.44,0.91,False,215.55
23.9,8.44,0.39,4,0.02,6.14,0.63,1.31,286.71,1.03,False,71.37
20.8,24.81,0.36,2,0.11,6.51,0.46,1.33,142.84,1.16,False,297.54
29.4,14.25,0.06,7,0.0,3.8,0.72,2.92,208.01,0.4,False,5.67
28.5,8.3,0.31,6,0.0,6.89,0.61,1.09,254.42,1.26,False,8.58
20.8,16.47,0.43,0,0.09,6.08,0.88,1.1,142.51,1.0,False,297.54
21.9,6.27,0.29,0,0.05,5.6,0.79,1.41,9.21,0.85,False,179.28
20.2,12.38,0.13,0,0.09,6.92,0.47,1.2,352.23,1.29,False,392.23
20.8,17.08,0.27,1,0.2,4.4,0.99,2.01,345.69,0.54,False,297.54
24.6,14.43,0.47,8,0.0,5.64,0.56,1.55,61.78,0.91,False,51.71
23.5,8.84,0.15,5,0.06,6.22,0.79,1.14,236.31,1.04,False,85.81
24.4,6.13,0.07,8,0.07,3.93,1.06,2.58,348.11,0.4,False,56.69
18.9,18.31,0.36,0,0.08,3.6,0.63,3.22,335.2,0.37,False,713.74
23.1,9.66,0.31,8,0.06,5.44,0.89,1.39,65.88,0.81,False,103.17
18.8,18.31,0.36,0,0.08,3.6,0.63,3.22,122.85,0.37,False,747.38
23.8,8.41,0.19,2,0.08,5.61,0.78,1.41,13.74,0.86,False,74.74
21.0,24.65,0.11,9,0.09,3.65,1.01,2.63,14.22,0.4,False,271.36
21.6,19.89,0.49,7,0.2,4.54,1.18,1.65,105.74,0.59,False,205.85
24.6,4.71,0.12,6,0.08,5.99,0.9,1.14,248.43,0.96,False,51.71
23.0,23.84,0.4,7,0.01,4.21,0.81,2.39,121.63,0.49,False,108.03
26.2,10.6,0.03,8,0.02,3.75,0.94,2.89,345.89,0.37,False,24.75
19.2,17.43,0.29,0,0.15,6.32,0.43,1.39,190.38,1.13,False,621.65
21.1,21.51,0.21,8,0.0,3.1,0.4,4.02,24.23,0.3,True,259.14
22.5,18.48,0.24,8,0.07,6.12,0.85,1.07,165.39,1.04,False,136.0
27.4,7.86,0.24,6,0.0,6.06,0.72,1.27,334.1,0.99,False,14.24
22.1,25.91,0.47,0,0.01,7.61,0.42,1.08,147.38,1.51,False,163.51
21.5,16.62,0.38,7,0.14,4.49,1.13,1.79,2.46,0.56,False,215.55
24.0,14.47,0.17,9,0.17,4.51,1.13,1.76,20.78,0.57,False,68.16
22.5,4.39,0.36,6,0.24,3.25,1.23,3.84,76.0,0.24,False,136.0
20.9,5.04,0.06,0,0.05,4.92,1.01,1.63,289.72,0.65,False,284.15
25.5,16.8,0.43,1,0.01,6.04,0.87,1.15,170.3,0.97,False,34.16
25.5,16.8,0.43,1,0.01,6.04,0.87,1.15,200.47,0.97,False,34.16
18.6,16.08,0.27,0,0.05,3.44,0.86,3.3,342.09,0.33,False,819.49
20.0,13.16,0.19,1,0.06,3.78,0.92,2.85,132.06,0.38,False,430.07
26.2,3.99,0.04,7,0.02,6.7,0.75,1.02,4.38,1.18,False,24.75
27.7,18.04,0.38,6,0.01,6.88,0.66,1.05,337.64,1.25,False,12.4
25.4,4.08,0.08,8,0.07,4.99,1.0,1.58,324.13,0.67,False,35.77
25.4,10.2,0.06,9,0.05,4.19,1.0,2.27,14.87,0.47,False,35.77
23.4,7.57,0.06,9,0.05,3.72,1.01,2.91,13.49,0.36,False,89.86
28.3,16.36,0.18,7,0.0,4.18,0.87,2.39,119.98,0.47,False,9.41
20.8,9.67,0.28,0,0.02,6.1,0.71,1.26,350.6,1.0,True,297.54
25.3,5.02,0.17,5,0.03,6.14,0.81,1.16,180.57,1.01,False,37.46
23.0,13.13,0.16,8,0.07,5.97,0.92,1.09,168.73,0.97,False,108.03
23.7,5.94,0.23,6,0.04,5.44,0.93,1.36,327.55,0.8,False,78.26
24.4,10.61,0.01,8,0.01,3.82,0.88,2.82,341.32,0.39,False,56.69
21.4,13.96,0.08,7,0.01,3.25,0.92,3.84,151.03,0.27,True,225.71
18.6,13.43,0.1,0,0.0,5.12,0.85,1.62,182.71,0.72,True,819.49
25.3,7.1,0.12,7,0.03,5.22,1.01,1.42,190.33,0.74,False,37.46
20.8,8.92,0.21,0,0.1,3.9,1.07,2.62,170.75,0.39,False,297.54
22.8,7.74,0.17,2,0.11,6.01,0.86,1.16,10.6,0.97,False,118.45
26.0,14.1,0.41,7,0.05,5.27,1.03,1.37,236.16,0.75,False,27.14
26.9,10.67,0.23,5,0.0,5.52,0.52,1.68,279.0,0.86,False,17.93
24.7,13.35,0.27,6,0.04,6.54,0.74,1.07,295.97,1.14,False,49.38
20.1,8.94,0.47,0,0.11,4.24,0.92,2.26,89.99,0.49,False,410.72
21.4,10.38,0.24,1,0.06,5.97,0.85,1.17,96.26,0.97,False,225.71
26.3,15.32,0.48,3,0.01,7.72,0.44,1.04,291.66,1.55,False,23.63
25.7,5.4,0.27,4,0.0,5.56,0.96,1.28,341.29,0.83,False,31.16
20.9,14.43,0.05,7,0.0,4.13,0.91,2.34,85.18,0.47,True,284.15
24.0,7.89,0.09,7,0.06,3.35,1.04,3.62,163.85,0.28,False,68.16
20.4,7.67,0.19,1,0.08,6.15,0.81,1.15,337.56,1.01,False,357.72
23.2,14.71,0.21,1,0.13,5.14,1.11,1.32,168.07,0.74,False,98.52
24.2,19.56,0.26,7,0.02,8.26,0.31,1.04,316.67,1.76,False,62.16
21.5,17.31,0.35,4,0.17,3.57,0.98,3.13,351.49,0.33,False,215.55
24.7,14.11,0.19,8,0.01,6.93,0.59,1.1,130.92,1.27,False,49.38
20.8,12.67,0.35,0,0.04,6.87,0.36,1.31,243.52,1.29,True,297.54
24.1,11.07,0.3,0,0.01,6.1,0.98,1.01,188.48,1.0,False,65.09
22.4,14.43,0.27,1,0.05,5.97,0.5,1.48,214.27,1.01,False,142.41
23.2,18.91,0.22,7,0.09,7.61,0.38,1.11,46.3,1.53,False,98.52
23.3,21.28,0.31,7,0.05,6.91,0.52,1.17,356.26,1.28,False,94.09
20.0,14.97,0.21,1,0.04,4.31,0.83,2.26,203.34,0.51,True,430.07
22.7,7.86,0.02,2,0.0,6.48,0.77,1.07,188.11,1.12,False,124.03
25.5,4.97,0.47,6,0.04,4.39,1.04,2.06,226.85,0.51,False,34.16
20.9,16.78,0.39,6,0.26,4.19,1.03,2.21,79.21,0.48,False,284.15
20.0,23.89,0.38,1,0.26,4.13,1.17,1.94,181.81,0.51,False,430.07
26.1,9.81,0.14,7,0.05,5.98,0.89,1.14,76.36,0.96,False,25.91
20.2,18.39,0.43,1,0.2,4.54,1.11,1.77,12.25,0.57,False,392.23
25.4,19.92,0.22,7,0.07,6.39,0.59,1.25,210.18,1.12,False,35.77
27.3,6.94,0.01,7,0.0,4.44,0.94,2.08,241.98,0.53,False,14.91
21.3,8.33,0.27,0,0.01,6.35,0.64,1.24,352.11,1.09,True,236.34
23.9,27.21,0.46,6,0.01,6.49,0.51,1.3,303.58,1.15,False,71.37
25.0,21.69,0.45,7,0.02,3.98,0.96,2.58,223.4,0.42,False,43.01
22.2,24.22,0.33,7,0.02,4.51,0.74,2.14,27.15,0.57,False,156.15
26.8,9.64,0.02,8,0.02,3.45,0.98,3.39,352.93,0.31,False,18.77
22.9,10.2,0.25,9,0.25,4.63,1.23,1.62,6.08,0.58,False,113.12
24.5,5.12,0.1,7,0.02,6.69,0.69,1.08,279.61,1.19,False,54.14
22.8,12.8,0.19,8,0.05,5.58,0.5,1.66,284.93,0.88,False,118.45
26.3,13.76,0.01,8,0.0,4.22,0.78,2.4,336.64,0.49,False,23.63
23.2,22.05,0.49,7,0.26,6.52,0.51,1.27,59.96,1.18,False,98.52
27.2,9.03,0.33,6,0.0,6.09,0.65,1.33,87.1,1.01,False,15.64
22.9,10.93,0.26,8,0.18,4.31,1.17,1.97,357.79,0.5,False,113.12
21.9,18.08,0.44,1,0.02,4.24,1.01,2.24,60.26,0.48,True,179.28
25.3,4.48,0.1,6,0.03,6.0,0.8,1.23,59.14,0.97,False,37.46
23.3,12.3,0.18,2,0.01,5.95,0.82,1.23,24.1,0.95,False,94.09
25.2,2.23,0.31,3,0.01,4.77,0.95,1.79,167.24,0.61,False,39.22
19.8,9.39,0.22,1,0.14,6.12,0.77,1.19,118.25,1.01,False,471.57
22.6,5.42,0.1,3,0.07,5.78,0.89,1.24,291.82,0.9,False,129.88
24.5,6.2,0.2,7,0.0,5.91,0.71,1.34,166.56,0.95,False,54.14
22.4,19.86,0.49,6,0.08,5.4,1.01,1.29,4.69,0.8,False,142.41
25.6,14.09,0.19,7,0.01,4.92,0.88,1.74,208.56,0.66,False,32.62
27.9,10.67,0.0,8,0.0,5.34,0.76,1.58,310.15,0.78,False,11.31
21.5,10.48,0.28,2,0.2,5.78,0.73,1.37,82.47,0.92,False,215.55
24.9,11.78,0.11,4,0.02,3.6,0.96,3.15,328.88,0.34,False,45.03
22.0,8.87,0.33,5,0.15,4.06,1.13,2.35,244.08,0.43,False,171.22
25.7,6.69,0.04,8,0.04,3.89,1.03,2.65,5.09,0.4,False,31.16
25.5,13.32,0.02,8,0.01,3.46,0.86,3.4,14.7,0.32,False,34.16
18.6,9.89,0.11,0,0.1,4.06,1.03,2.41,264.6,0.44,False,819.49
23.4,14.8,0.27,8,0.07,4.97,0.91,1.67,314.23,0.67,False,89.86
25.3,8.16,0.06,8,0.06,3.62,1.05,3.03,2.66,0.34,False,37.46
26.0,25.39,0.33,6,0.01,6.64,0.45,1.31,28.82,1.2,False,27.14
22.2,7.95,0.21,2,0.13,6.18,0.83,1.12,257.39,1.03,False,156.15
23.8,13.19,0.28,8,0.01,5.86,0.97,1.09,67.36,0.94,False,74.74
21.6,17.96,0.35,4,0.21,5.38,0.29,1.89,219.8,0.87,False,205.85
22.7,12.75,0.08,8,0.07,4.26,0.9,2.24,29.94,0.5,False,124.03
22.0,8.06,0.23,6,0.1,5.61,0.87,1.32,198.92,0.86,False,171.22
19.6,12.97,0.39,2,0.11,5.79,0.67,1.42,313.0,0.93,False,517.06
28.9,16.82,0.23,7,0.0,4.96,0.8,1.78,32.18,0.68,False,7.14
19.2,7.35,0.39,0,0.04,4.66,0.94,1.87,135.43,0.59,True,621.65
18.7,11.22,0.29,0,0.14,5.58,0.79,1.4,55.13,0.86,False,782.6
18.7,11.22,0.29,0,0.14,5.58,0.79,1.4,227.04,0.86,False,782.6
19.0,22.68,0.31,1,0.2,5.99,0.7,1.26,207.72,1.01,False,681.62
21.9,7.35,0.29,1,0.07,5.94,0.76,1.29,214.39,0.95,False,179.28
21.0,18.86,0.18,7,0.08,4.16,1.07,2.08,71.73,0.5,False,271.36
22.5,12.78,0.12,0,0.05,3.56,1.0,3.18,266.62,0.33,False,136.0
24.8,9.82,0.16,6,0.0,5.24,0.67,1.69,126.41,0.76,False,47.16
19.4,15.26,0.32,0,0.23,5.33,0.7,1.62,246.49,0.79,False,566.95
25.5,15.02,0.36,3,0.0,5.17,0.98,1.48,359.56,0.72,False,34.16
26.53,21.75,0.38,6,0.0,4.68,0.85,1.94,27.56,0.6,False,21.3
21.0,23.81,0.22,2,0.16,5.75,0.42,1.63,75.87,0.95,False,271.36
21.8,9.96,0.18,8,0.06,5.03,1.02,1.54,43.02,0.68,False,187.73
20.0,25.76,0.25,7,0.02,4.33,0.71,2.26,247.0,0.55,True,430.07
24.5,10.92,0.2,7,0.04,4.58,1.04,1.86,289.28,0.57,False,54.14
23.7,6.87,0.04,6,0.04,5.44,0.93,1.36,327.55,0.8,False,78.26
20.4,17.88,0.42,0,0.07,4.61,0.52,2.21,58.35,0.62,False,357.72
21.8,9.74,0.17,0,0.01,4.47,0.78,2.16,213.79,0.55,True,187.73
22.0,2.2,0.15,5,0.11,4.67,1.12,1.74,305.28,0.58,False,171.22
25.8,16.97,0.48,7,0.02,4.96,1.02,1.59,236.17,0.66,False,29.75
24.2,13.32,0.27,7,0.02,5.54,0.94,1.27,120.14,0.85,False,62.16
24.6,5.39,0.23,7,0.07,6.64,0.73,1.06,228.28,1.17,False,51.71
26.9,4.41,0.16,7,0.03,6.06,0.84,1.17,264.44,0.98,False,17.93
19.2,15.61,0.38,0,0.11,3.75,1.09,2.83,354.86,0.36,False,621.65
21.6,16.23,0.11,8,0.06,5.02,0.7,1.81,51.23,0.7,False,205.85
22.4,5.46,0.45,3,0.05,5.18,0.99,1.45,149.37,0.73,False,142.41
20.15,19.56,0.34,6,0.14,5.4,0.84,1.36,212.26,0.86,False,401.18
24.6,10.95,0.04,9,0.03,3.25,0.99,3.83,350.02,0.26,False,51.71
27.6,7.36,0.21,6,0.0,5.86,0.8,1.29,239.46,0.93,False,12.99
21.7,16.17,0.07,9,0.04,4.26,0.63,2.45,329.66,0.52,True,196.58
20.7,17.6,0.04,0,0.04,5.91,0.9,1.11,344.35,0.98,True,311.56
20.4,21.87,0.32,0,0.05,7.35,0.4,1.16,206.54,1.43,False,357.72
24.5,8.43,0.21,7,0.05,6.17,0.83,1.12,44.32,1.03,False,54.14
20.4,21.87,0.32,0,0.05,7.35,0.4,1.16,59.6,1.43,False,357.72
20.9,14.62,0.43,0,0.28,3.89,1.06,2.47,146.47,0.42,False,284.15
19.6,11.86,0.22,0,0.01,4.12,0.78,2.51,309.72,0.47,True,517.06
21.0,14.78,0.23,1,0.22,6.65,0.5,1.24,161.88,1.22,False,271.36
19.4,21.02,0.48,0,0.09,6.8,0.54,1.18,95.66,1.25,False,566.95
22.2,20.25,0.46,5,0.05,3.65,1.02,3.02,309.0,0.34,False,156.15
19.7,25.23,0.23,2,0.02,4.63,0.56,2.17,66.7,0.62,True,493.79
25.1,15.1,0.15,9,0.07,5.57,0.77,1.44,74.61,0.85,False,41.07
27.0,7.91,0.07,7,0.03,5.41,0.94,1.38,229.72,0.79,False,17.12
19.8,10.94,0.3,1,0.14,6.12,0.77,1.19,118.25,1.01,False,471.57
22.3,5.95,0.41,0,0.04,5.03,0.99,1.57,319.35,0.68,False,149.12
20.0,29.88,0.4,0,0.06,6.76,0.36,1.34,210.62,1.26,False,430.07
20.3,18.9,0.16,4,0.15,3.2,0.76,3.87,99.15,0.28,False,374.58
21.0,13.15,0.27,3,0.16,6.68,0.4,1.33,156.02,1.23,False,271.36
24.51,11.2,0.14,4,0.0,6.59,0.77,1.02,224.35,1.17,False,53.97
19.8,27.26,0.34,0,0.02,4.77,0.6,2.04,149.35,0.65,True,471.57
22.6,6.33,0.02,0,0.02,4.32,1.0,2.16,31.08,0.5,False,129.88
20.0,9.82,0.26,0,0.14,3.6,1.14,3.06,238.74,0.32,False,430.07
21.0,14.58,0.2,6,0.15,5.69,0.71,1.44,161.37,0.89,False,271.36
21.3,12.11,0.29,1,0.0,5.17,0.72,1.71,221.51,0.74,True,236.34
21.5,10.89,0.04,4,0.01,3.27,0.94,3.76,77.27,0.27,True,215.55
22.5,14.71,0.03,7,0.02,4.41,0.76,2.23,174.02,0.54,False,136.0
24.7,6.8,0.32,3,0.04,5.48,0.96,1.32,24.95,0.81,False,49.38
21.3,12.11,0.29,1,0.0,5.17,0.72,1.71,9.05,0.74,True,236.34
19.5,30.89,0.3,0,0.04,5.03,0.41,1.99,15.46,0.75,True,541.43
22.7,9.56,0.06,7,0.01,5.77,0.86,1.26,58.25,0.9,False,124.03
21.4,16.89,0.42,0,0.14,3.61,1.07,3.07,259.22,0.33,False,225.71
19.8,15.61,0.47,3,0.02,5.03,0.97,1.57,199.93,0.69,True,471.57
21.7,10.5,0.19,2,0.05,5.16,0.93,1.51,286.45,0.73,False,196.58
25.7,17.66,0.28,8,0.04,7.7,0.43,1.04,183.98,1.56,False,31.16
23.2,19.18,0.47,7,0.05,3.35,1.06,3.52,113.16,0.28,False,98.52
20.8,14.21,0.34,0,0.09,6.08,0.88,1.1,142.51,1.0,False,297.54
23.9,9.49,0.02,7,0.01,5.45,0.82,1.47,236.85,0.81,False,71.37
27.7,5.68,0.19,5,0.0,6.27,0.82,1.1,174.65,1.05,False,12.4
26.9,1.97,0.16,1,0.02,5.42,1.0,1.31,64.75,0.79,False,17.93
22.1,13.93,0.16,6,0.15,5.77,0.79,1.31,253.98,0.92,False,163.51
22.3,21.61,0.06,9,0.03,3.86,0.85,2.6,339.5,0.44,False,149.12
24.5,8.69,0.02,7,0.02,3.88,1.0,2.66,68.11,0.4,False,54.14
23.6,13.44,0.15,7,0.09,5.95,0.88,1.13,189.7,0.97,False,81.95
22.3,17.15,0.48,3,0.07,6.59,0.46,1.31,206.07,1.18,False,149.12
27.3,9.31,0.14,6,0.02,6.52,0.76,1.07,155.1,1.13,False,14.91
23.4,10.44,0.27,7,0.01,5.51,0.69,1.54,239.84,0.83,False,89.86
20.5,8.83,0.3,1,0.15,3.46,1.15,3.32,127.65,0.29,False,341.62
21.9,22.81,0.2,6,0.08,6.12,0.46,1.45,97.44,1.05,False,179.28
23.4,7.1,0.06,6,0.04,3.96,0.99,2.59,99.37,0.41,False,89.86
27.3,15.26,0.0,7,0.0,3.97,0.76,2.69,195.71,0.43,False,14.91
22.3,11.22,0.07,0,0.04,4.9,1.04,1.58,99.81,0.66,False,149.12
24.2,12.75,0.28,1,0.0,6.06,0.81,1.16,80.65,1.01,False,62.16
26.3,13.05,0.39,7,0.0,7.0,0.6,1.08,141.89,1.29,False,23.63
21.7,15.94,0.01,6,0.01,4.98,0.59,1.91,187.6,0.7,True,196.58
24.4,14.94,0.38,6,0.09,4.55,0.98,1.93,153.67,0.56,False,56.69
25.1,10.42,0.03,7,0.03,3.31,1.0,3.66,72.93,0.28,False,41.07
26.2,7.26,0.06,9,0.06,5.03,1.06,1.49,3.48,0.68,False,24.75
24.8,9.56,0.14,9,0.14,4.54,1.12,1.81,16.95,0.56,False,47.16
19.8,10.28,0.19,0,0.03,4.26,0.84,2.32,351.62,0.5,True,471.57
20.1,6.83,0.31,0,0.0,5.99,0.77,1.25,81.04,0.97,True,410.72
24.7,6.47,0.08,3,0.0,6.1,0.72,1.26,84.38,1.0,False,49.38
18.9,18.95,0.48,2,0.2,3.93,0.96,2.37,289.35,0.46,False,713.74
19.9,15.61,0.06,2,0.04,3.57,0.81,3.22,260.36,0.35,True,450.34
26.6,13.08,0.02,7,0.02,7.5,0.5,1.02,133.49,1.49,False,20.58
20.9,21.14,0.01,8,0.01,6.92,0.56,1.08,139.17,1.33,True,284.15
23.9,21.21,0.35,7,0.07,6.84,0.59,1.08,332.76,1.28,False,71.37
26.9,8.65,0.29,6,0.0,6.06,0.61,1.37,242.39,1.0,False,17.93
23.6,9.94,0.09,7,0.07,6.1,0.62,1.34,320.9,1.01,False,81.95
23.4,20.52,0.3,8,0.02,4.71,0.79,1.93,36.99,0.62,False,89.86
22.0,12.84,0.36,6,0.14,5.74,0.81,1.3,322.93,0.91,False,171.22
26.6,11.41,0.32,0,0.01,6.09,0.98,1.01,112.42,0.99,False,20.58
23.9,14.05,0.34,6,0.04,5.37,0.96,1.39,36.47,0.78,False,71.37
26.6,7.03,0.15,7,0.03,4.92,1.0,1.62,90.12,0.65,False,20.58
23.6,12.64,0.42,6,0.01,6.34,0.44,1.41,124.34,1.11,False,81.95
20.5,13.93,0.49,0,0.09,6.55,0.4,1.35,292.85,1.2,False,341.62
24.8,14.6,0.11,8,0.04,6.06,0.65,1.33,281.74,1.0,False,47.16
19.8,15.34,0.32,6,0.1,3.51,0.6,3.27,343.83,0.37,False,471.57
21.6,22.32,0.35,7,0.04,4.14,0.84,2.44,242.32,0.47,True,205.85
27.5,5.12,0.18,1,0.02,6.05,0.82,1.19,182.41,0.98,False,13.6
25.0,9.67,0.01,8,0.01,3.24,0.96,3.87,6.01,0.26,False,43.01
19.6,8.42,0.12,0,0.11,5.27,0.97,1.43,301.96,0.75,False,517.06
19.2,3.33,0.36,0,0.17,3.81,1.12,2.72,321.88,0.37,False,621.65
20.8,7.37,0.24,2,0.05,5.8,0.74,1.36,109.07,0.91,True,297.54
26.8,25.34,0.0,9,0.0,5.23,0.29,1.97,41.2,0.82,False,18.77
22.5,24.68,0.35,6,0.1,3.9,0.9,2.59,153.79,0.43,False,136.0
21.2,10.55,0.44,6,0.18,5.61,0.73,1.46,84.98,0.86,False,247.48
27.2,6.38,0.03,8,0.03,4.36,1.01,2.1,353.47,0.51,False,15.62
24.9,16.59,0.06,8,0.06,4.8,1.02,1.61,20.81,0.65,False,45.03
25.5,5.12,0.01,7,0.01,4.67,0.97,1.86,233.38,0.59,False,34.16
25.5,20.65,0.02,9,0.01,4.58,0.49,2.25,34.06,0.62,False,34.16
21.1,16.89,0.04,0,0.04,6.78,0.47,1.23,348.09,1.26,True,259.14
20.6,13.86,0.07,1,0.01,3.99,0.7,2.69,168.94,0.45,True,326.24
19.8,8.88,0.26,0,0.09,4.69,0.93,1.84,324.45,0.6,False,471.57
27.2,4.87,0.03,7,0.03,4.28,1.01,2.19,298.92,0.49,False,15.62
26.4,13.67,0.02,7,0.02,4.71,0.88,1.86,338.26,0.62,False,22.57
23.0,12.56,0.1,8,0.07,5.97,0.92,1.09,168.73,0.97,False,108.03
21.1,16.89,0.04,0,0.04,6.78,0.47,1.23,239.22,1.26,True,259.14
25.66,5.09,0.22,6,0.02,6.05,0.85,1.16,71.15,0.98,False,31.68
24.0,8.85,0.07,7,0.07,4.13,1.02,2.32,217.72,0.46,False,68.16
23.6,14.32,0.38,7,0.03,6.88,0.63,1.07,332.72,1.26,False,81.95
24.0,17.63,0.44,7,0.0,4.98,0.93,1.64,86.36,0.68,False,68.16
20.7,15.15,0.35,1,0.06,5.03,0.59,1.89,206.54,0.71,False,311.56
29.2,6.35,0.01,9,0.0,4.22,0.97,2.29,349.0,0.47,False,6.22
29.1,22.65,0.44,6,0.0,6.67,0.61,1.15,24.79,1.19,False,6.51
20.5,23.28,0.49,6,0.03,3.13,0.43,3.98,123.48,0.3,True,341.62
19.8,15.42,0.47,0,0.22,4.2,1.2,2.02,263.16,0.48,False,471.57
20.0,27.4,0.24,0,0.03,5.08,0.66,1.73,3.16,0.76,True,430.07
25.0,21.0,0.44,2,0.03,5.98,0.8,1.22,136.22,0.97,False,43.01
22.3,8.5,0.46,3,0.03,5.37,0.86,1.47,179.6,0.78,False,149.12
21.3,26.83,0.46,4,0.01,7.07,0.48,1.16,216.64,1.33,True,236.34
20.0,27.4,0.24,0,0.03,5.08,0.66,1.73,3.16,0.76,True,430.07
20.5,14.63,0.08,0,0.0,3.81,0.85,2.86,355.22,0.39,True,341.62
24.1,12.78,0.37,0,0.01,6.1,0.98,1.01,188.48,1.0,False,65.09
21.8,11.39,0.3,5,0.11,6.4,0.68,1.18,204.03,1.1,False,187.73
21.3,15.71,0.28,6,0.14,5.37,0.8,1.52,102.04,0.79,False,236.34
19.1,21.62,0.47,0,0.11,6.29,0.61,1.25,297.44,1.09,False,650.94
20.3,0.57,0.21,0,0.2,4.91,1.14,1.52,0.23,0.64,False,374.58
25.3,5.36,0.18,6,0.03,6.0,0.8,1.23,59.14,0.97,False,37.46
20.7,11.53,0.45,0,0.2,5.5,0.6,1.61,133.82,0.85,False,311.56
20.7,11.53,0.45,0,0.2,5.5,0.6,1.61,303.17,0.85,False,311.56
20.6,11.91,0.09,0,0.03,4.54,0.94,1.98,140.7,0.56,True,326.24
21.0,7.53,0.45,1,0.06,4.74,0.84,1.89,344.11,0.62,False,271.36
24.4,6.38,0.27,5,0.0,6.43,0.59,1.26,271.54,1.12,False,56.69
20.9,15.49,0.3,1,0.18,5.7,0.79,1.36,240.23,0.88,False,284.15
26.1,15.67,0.26,5,0.0,4.58,0.92,1.97,103.73,0.57,False,25.91
25.4,14.74,0.0,7,0.0,7.73,0.32,1.15,291.94,1.57,False,35.77
20.1,11.91,0.5,4,0.08,4.99,0.93,1.6,10.49,0.69,False,410.72
24.7,10.94,0.22,4,0.01,6.22,0.85,1.09,255.38,1.03,False,49.38
26.5,9.18,0.2,6,0.01,6.19,0.89,1.06,211.77,1.02,False,21.55
22.2,7.82,0.14,0,0.08,4.33,1.07,2.08,292.89,0.5,False,156.15
24.3,9.54,0.31,7,0.03,5.17,0.99,1.45,292.22,0.73,False,59.37
25.0,4.22,0.25,4,0.04,5.4,1.04,1.29,101.83,0.78,False,43.01
27.5,4.94,0.2,1,0.02,6.05,0.82,1.19,182.41,0.98,False,13.6
28.5,8.12,0.03,5,0.0,6.62,0.6,1.18,35.51,1.17,False,8.58
20.8,13.09,0.31,4,0.06,3.99,1.04,2.46,94.25,0.43,False,297.54
27.2,8.75,0.31,6,0.0,6.09,0.65,1.33,87.1,1.01,False,15.64
21.7,15.21,0.32,3,0.04,3.21,0.71,3.86,70.0,0.29,True,196.58
25.7,6.17,0.06,8,0.06,4.73,1.03,1.75,345.07,0.6,False,31.16
26.8,5.8,0.01,7,0.01,4.38,0.99,2.1,324.19,0.51,False,18.77
18.9,14.95,0.46,0,0.16,6.15,0.37,1.51,182.98,1.07,False,713.74
19.4,11.98,0.46,1,0.05,6.54,0.46,1.31,35.82,1.18,False,566.95
20.2,23.29,0.36,0,0.15,4.12,0.35,2.55,36.71,0.56,False,392.23
18.8,4.64,0.49,0,0.07,4.04,0.95,2.49,154.71,0.44,False,747.38
20.2,23.29,0.36,0,0.15,4.12,0.35,2.55,149.66,0.56,False,392.23
26.0,7.62,0.41,8,0.02,4.92,0.91,1.71,41.04,0.66,False,27.14
22.3,11.87,0.03,1,0.03,5.37,0.87,1.44,324.5,0.79,False,149.12
23.9,13.32,0.4,4,0.02,6.14,0.63,1.31,286.71,1.03,False,71.37
25.4,26.32,0.45,5,0.02,6.78,0.48,1.24,213.44,1.24,False,35.77
24.1,10.61,0.28,7,0.06,5.38,1.0,1.33,299.4,0.78,False,65.09
21.0,5.04,0.42,5,0.23,4.94,1.2,1.44,85.16,0.65,False,271.36
20.98,5.04,0.41,4,0.23,4.94,1.2,1.44,85.16,0.65,False,273.36
23.1,8.51,0.08,0,0.02,3.69,1.0,2.97,247.53,0.35,False,103.17
21.1,19.21,0.38,4,0.18,6.24,0.67,1.22,54.12,1.07,False,259.14
22.0,13.31,0.41,7,0.11,4.9,1.06,1.54,127.54,0.67,False,171.22
20.5,13.42,0.24,1,0.11,4.23,1.03,2.21,208.94,0.48,False,341.62
19.8,24.87,0.4,3,0.1,3.28,0.86,3.75,36.54,0.28,False,471.57
21.0,9.69,0.2,3,0.06,6.87,0.54,1.15,314.28,1.26,False,271.36
24.86,10.4,0.32,7,0.05,5.09,1.05,1.47,111.45,0.7,False,45.91
22.2,12.04,0.11,3,0.11,6.47,0.62,1.2,318.01,1.13,False,155.86
25.2,4.14,0.06,8,0.06,4.51,1.05,1.93,13.98,0.54,False,39.22
19.4,14.86,0.26,0,0.0,5.35,0.36,1.87,175.52,0.84,True,566.95
21.8,13.6,0.22,0,0.04,4.16,0.79,2.4,217.57,0.49,True,187.73
23.8,6.48,0.39,8,0.02,5.11,0.86,1.63,313.57,0.71,False,74.74
24.3,6.87,0.25,5,0.13,5.32,1.14,1.24,98.52,0.76,False,59.37
25.8,11.25,0.12,7,0.01,3.55,1.0,3.18,182.31,0.33,False,29.75
26.3,23.43,0.46,7,0.0,7.47,0.48,1.06,96.17,1.46,False,23.63
25.9,9.7,0.01,7,0.01,4.11,0.93,2.44,126.61,0.45,False,28.41
20.5,28.97,0.35,1,0.26,3.98,1.11,2.0,266.94,0.51,False,341.62
21.6,14.71,0.19,7,0.12,4.77,0.54,2.08,294.39,0.65,False,205.85
28.1,24.31,0.49,7,0.0,4.28,0.91,2.27,218.92,0.49,False,10.32
19.6,6.52,0.19,0,0.11,5.27,0.97,1.43,301.96,0.75,False,517.06
19.0,14.86,0.17,0,0.11,6.6,0.44,1.31,117.91,1.2,False,681.62
21.1,10.72,0.44,1,0.13,4.88,0.81,1.79,69.81,0.66,False,259.14
22.4,10.53,0.18,0,0.02,5.57,0.99,1.23,70.27,0.84,False,142.41
25.8,6.9,0.02,7,0.02,4.42,0.98,2.07,318.2,0.52,False,29.75
25.0,25.1,0.02,9,0.02,4.24,0.38,2.57,331.29,0.55,False,43.01
23.6,4.99,0.11,7,0.11,3.81,1.07,2.75,286.27,0.37,False,81.95
20.6,9.64,0.28,3,0.0,6.28,0.91,1.0,123.23,1.05,True,326.24
22.0,9.57,0.42,4,0.06,5.76,0.69,1.42,99.88,0.91,False,171.22
22.3,12.58,0.3,5,0.04,6.9,0.38,1.29,101.44,1.3,False,149.12
25.6,13.25,0.29,6,0.01,5.97,0.91,1.13,131.51,0.96,False,32.62
19.4,17.46,0.23,1,0.05,4.6,0.85,1.9,148.15,0.61,False,566.95
23.4,8.99,0.07,0,0.06,5.48,0.94,1.32,93.93,0.82,False,89.86
28.0,3.34,0.14,4,0.0,6.33,0.83,1.07,52.22,1.07,False,10.8
21.5,12.31,0.21,0,0.01,6.45,0.75,1.08,156.51,1.12,True,215.55
23.4,3.21,0.26,6,0.19,4.69,1.12,1.71,168.74,0.59,False,89.86
25.1,15.61,0.34,2,0.13,6.07,0.78,1.2,236.34,1.0,False,41.07
27.0,8.45,0.0,6,0.0,5.2,0.86,1.57,126.93,0.74,False,17.12
22.4,17.71,0.14,1,0.0,7.73,0.31,1.15,160.61,1.58,False,142.41
21.0,29.39,0.37,2,0.16,5.75,0.42,1.63,75.87,0.95,False,271.36
24.5,13.53,0.44,7,0.03,5.7,0.65,1.47,258.95,0.9,False,54.14
23.3,8.04,0.11,8,0.08,5.93,0.79,1.26,125.28,0.95,False,94.09
20.2,17.93,0.29,0,0.15,5.19,1.1,1.26,337.48,0.77,False,392.23
25.9,7.88,0.25,6,0.01,6.46,0.75,1.1,57.36,1.11,False,28.41
24.1,13.57,0.12,9,0.02,7.27,0.31,1.26,246.41,1.42,False,65.09
19.6,18.85,0.25,2,0.06,6.21,0.64,1.26,8.59,1.06,False,517.06
24.5,4.13,0.29,6,0.01,5.27,0.95,1.45,270.06,0.75,False,54.14
24.6,6.83,0.07,7,0.07,6.32,0.8,1.1,83.08,1.07,False,51.71
27.9,23.17,0.48,3,0.0,7.32,0.5,1.08,236.72,1.41,False,11.31
24.0,12.33,0.4,4,0.1,4.35,1.1,2.05,239.4,0.5,False,68.16
20.5,24.33,0.31,1,0.15,6.08,0.44,1.49,266.01,1.03,False,341.62
26.6,15.05,0.28,6,0.01,6.58,0.66,1.14,73.72,1.16,False,20.58
19.9,15.25,0.28,0,0.06,4.98,0.97,1.6,100.84,0.68,False,450.34
20.4,18.49,0.43,2,0.2,3.52,0.95,2.92,267.98,0.37,False,357.72
20.3,19.71,0.49,7,0.18,3.77,0.97,2.55,351.64,0.42,False,374.58
27.3,14.51,0.31,7,0.01,5.27,0.91,1.48,240.79,0.76,False,14.91
21.6,10.54,0.42,2,0.04,5.96,0.58,1.43,187.56,0.97,True,205.85
21.5,10.54,0.42,1,0.04,5.96,0.58,1.43,217.45,0.97,True,215.55
19.9,15.25,0.28,0,0.06,4.98,0.97,1.6,11.3,0.68,False,450.34
26.2,15.96,0.24,7,0.0,5.85,0.76,1.32,330.78,0.93,False,24.75
25.1,25.62,0.49,7,0.01,5.38,0.72,1.59,318.69,0.79,False,41.07
21.8,14.29,0.44,6,0.1,5.36,1.12,1.21,245.27,0.79,False,187.73
20.1,18.05,0.16,8,0.11,3.88,0.55,2.87,336.31,0.44,False,410.72
22.2,13.45,0.43,1,0.0,6.67,0.65,1.11,241.36,1.19,True,156.15
24.5,8.67,0.26,6,0.0,5.94,0.76,1.28,309.53,0.95,False,54.14
23.2,7.86,0.12,7,0.04,6.04,0.65,1.34,142.94,0.99,False,98.52
19.2,12.51,0.47,0,0.16,3.6,1.17,3.05,349.39,0.32,False,621.65
19.3,12.51,0.47,0,0.16,3.6,1.17,3.05,118.15,0.32,False,593.67
25.8,9.86,0.29,6,0.04,6.64,0.72,1.06,178.89,1.17,False,29.75
24.8,5.58,0.3,4,0.04,5.54,0.9,1.34,226.76,0.83,False,47.16
20.5,14.55,0.25,2,0.0,3.21,0.78,3.92,352.86,0.27,True,341.62
22.9,8.24,0.17,6,0.14,3.57,0.99,3.16,140.92,0.33,False,113.12
21.7,7.37,0.16,2,0.02,6.64,0.7,1.08,26.47,1.18,True,196.58
24.0,13.49,0.34,8,0.05,5.35,0.9,1.39,306.57,0.8,False,68.16
24.5,11.39,0.35,7,0.1,4.27,1.08,2.15,154.53,0.48,False,54.14
23.9,13.75,0.3,3,0.04,5.99,0.85,1.18,32.14,0.96,False,71.37
22.7,13.78,0.05,0,0.04,5.42,0.97,1.3,0.57,0.82,False,124.03
19.1,19.54,0.24,2,0.2,4.35,0.79,2.18,326.53,0.55,False,650.94
20.6,27.18,0.3,1,0.15,3.33,1.08,2.83,222.02,0.36,False,326.24
23.7,13.14,0.07,2,0.02,6.6,0.45,1.32,250.25,1.19,False,78.26
22.1,8.63,0.1,0,0.05,3.55,0.95,3.23,119.45,0.33,False,163.51
27.9,8.81,0.0,8,0.0,4.82,0.92,1.77,28.94,0.63,False,11.31
27.2,8.41,0.02,8,0.02,3.55,1.01,3.2,5.36,0.32,False,15.62
28.1,6.0,0.0,4,0.0,5.79,0.86,1.26,79.45,0.9,False,10.32
27.1,10.0,0.0,1,0.0,7.0,0.51,1.15,338.78,1.3,False,16.35
25.2,12.75,0.25,7,0.03,4.24,1.03,2.19,142.59,0.48,False,39.22
19.3,12.35,0.35,1,0.28,4.39,1.26,1.79,258.14,0.52,False,593.67
24.3,7.35,0.04,7,0.02,3.51,1.03,3.29,73.09,0.31,False,59.37
24.0,4.33,0.06,5,0.06,4.22,1.06,2.22,112.08,0.47,False,68.16
26.4,16.49,0.17,7,0.0,4.23,0.85,2.33,143.35,0.49,False,22.57
24.4,19.72,0.11,7,0.03,6.9,0.52,1.13,343.94,1.31,False,56.69
29.4,20.54,0.44,5,0.0,5.88,0.77,1.31,245.41,0.93,False,5.67
21.6,15.51,0.22,0,0.03,6.39,0.64,1.22,344.8,1.1,True,205.85
23.6,12.85,0.1,7,0.09,5.95,0.88,1.13,189.7,0.97,False,81.95
18.9,12.23,0.5,1,0.01,6.82,0.63,1.07,281.97,1.26,True,713.74
25.5,8.52,0.11,6,0.0,6.71,0.62,1.14,73.77,1.2,False,34.16
24.8,6.65,0.09,7,0.01,6.99,0.55,1.12,266.01,1.29,False,47.16
20.6,29.43,0.38,1,0.01,6.41,0.45,1.36,87.32,1.14,True,326.24
25.3,8.83,0.02,7,0.02,4.61,1.01,1.85,6.88,0.58,False,37.46
24.5,8.22,0.13,9,0.13,4.56,1.13,1.8,356.57,0.56,False,54.14
21.4,16.4,0.22,2,0.08,5.84,0.63,1.43,277.08,0.95,False,225.71
23.9,5.74,0.11,5,0.11,4.88,1.08,1.58,193.59,0.64,False,71.37
23.9,8.69,0.06,8,0.05,4.49,0.96,2.01,338.04,0.54,False,71.37
20.8,9.89,0.28,0,0.02,6.1,0.71,1.26,350.6,1.0,True,297.54
20.8,26.16,0.47,1,0.16,6.0,0.48,1.47,67.81,1.02,False,297.54
25.2,4.99,0.09,0,0.09,3.61,1.09,3.07,335.32,0.33,False,39.22
26.6,13.29,0.01,8,0.01,4.07,0.8,2.55,336.93,0.45,False,20.58
24.7,8.82,0.02,7,0.02,4.9,0.88,1.74,238.23,0.65,False,49.38
25.2,4.99,0.09,0,0.09,3.61,1.09,3.07,106.84,0.33,False,39.22
20.5,15.21,0.36,5,0.01,4.72,0.57,2.09,156.88,0.64,True,341.62
20.2,10.26,0.17,0,0.01,4.3,0.98,2.17,177.33,0.5,True,392.23
24.4,27.44,0.46,7,0.01,8.15,0.32,1.06,264.64,1.72,False,56.69
22.4,7.52,0.2,0,0.02,5.57,0.99,1.23,70.27,0.84,False,142.41
23.9,10.68,0.0,6,0.0,3.51,0.93,3.3,77.37,0.32,False,71.37
25.1,2.8,0.03,5,0.01,5.26,1.0,1.42,47.15,0.74,False,41.07
23.39,18.27,0.38,6,0.01,3.31,0.56,3.69,73.17,0.32,False,90.39
24.5,11.35,0.06,8,0.05,4.7,1.01,1.76,340.65,0.61,False,54.14
23.6,12.75,0.07,8,0.05,5.74,1.02,1.09,295.59,0.91,False,81.95
20.2,14.96,0.15,0,0.14,5.47,0.66,1.58,214.97,0.83,False,392.23
19.4,22.24,0.5,1,0.05,6.54,0.46,1.31,35.82,1.18,False,566.95
22.1,15.67,0.23,0,0.05,5.29,0.98,1.34,267.23,0.79,False,163.51
20.6,4.97,0.15,0,0.13,4.66,1.12,1.74,357.05,0.58,False,326.24
20.0,18.15,0.14,7,0.02,4.33,0.71,2.26,247.0,0.55,True,430.07
21.7,21.49,0.26,6,0.1,4.72,1.09,1.55,192.29,0.65,False,196.58
20.1,22.58,0.43,0,0.05,3.85,0.87,2.77,259.94,0.4,True,410.72
23.1,8.02,0.03,5,0.02,3.19,1.0,4.0,256.15,0.25,False,103.17
19.5,23.6,0.45,7,0.05,4.52,0.2,2.34,234.44,0.69,False,541.43
23.7,13.86,0.01,5,0.01,7.34,0.56,1.0,125.98,1.43,False,78.26
24.9,9.34,0.02,6,0.01,6.4,0.64,1.22,297.91,1.1,False,45.03
26.5,16.02,0.31,7,0.02,4.27,0.97,2.23,114.97,0.49,False,21.55
21.9,29.82,0.34,0,0.07,6.34,0.41,1.4,244.54,1.14,False,179.28
22.7,11.07,0.23,0,0.01,5.44,0.89,1.38,312.83,0.82,False,124.03
18.7,15.59,0.35,0,0.02,4.95,0.64,1.91,261.93,0.69,True,782.6
25.7,6.71,0.32,7,0.01,5.67,0.88,1.3,141.47,0.87,False,31.16
24.5,3.04,0.19,9,0.19,3.77,1.18,2.76,357.85,0.36,False,54.14
20.9,6.94,0.3,1,0.19,4.37,1.15,1.97,191.88,0.51,False,284.15
22.8,8.15,0.35,2,0.0,5.82,0.76,1.34,249.25,0.92,False,118.45
19.8,14.4,0.04,0,0.0,3.74,0.73,3.0,216.29,0.39,True,471.57
20.7,18.43,0.25,2,0.06,4.83,0.81,1.75,297.37,0.68,False,311.56
26.2,8.96,0.08,7,0.0,5.22,0.73,1.67,353.14,0.75,False,24.75
22.9,17.27,0.43,5,0.07,4.32,1.03,2.13,154.45,0.5,False,113.12
18.6,14.87,0.39,0,0.25,6.02,0.66,1.31,135.55,1.01,False,819.49
23.6,12.26,0.16,6,0.01,6.34,0.44,1.41,124.34,1.11,False,81.95
27.1,7.1,0.01,9,0.0,5.3,0.86,1.51,316.23,0.76,False,16.35
20.5,16.39,0.46,0,0.0,4.6,0.29,2.33,212.11,0.66,True,341.62
24.6,9.02,0.3,2,0.0,6.87,0.68,1.04,180.22,1.24,False,51.71
22.1,7.85,0.42,6,0.14,4.66,1.1,1.73,58.67,0.59,False,163.51
19.4,8.1,0.21,0,0.12,3.44,1.08,3.39,357.92,0.29,False,566.95
19.2,25.83,0.21,0,0.13,5.2,0.18,2.02,318.34,0.85,False,621.65
20.7,8.33,0.28,0,0.14,4.91,0.98,1.64,217.17,0.66,False,311.56
24.1,14.55,0.43,0,0.01,6.1,0.98,1.01,188.48,1.0,False,65.09
20.1,31.04,0.32,2,0.05,5.69,0.39,1.68,150.83,0.93,False,410.72
23.3,5.61,0.22,2,0.01,5.95,0.82,1.23,24.1,0.95,False,94.09
26.4,16.27,0.28,8,0.01,7.22,0.56,1.05,220.05,1.36,False,22.57
26.5,15.5,0.43,7,0.0,7.12,0.56,1.07,30.44,1.33,False,21.55
24.8,2.12,0.16,9,0.16,4.27,1.14,2.11,7.96,0.48,False,47.16
20.2,18.02,0.49,0,0.12,5.18,1.03,1.41,308.68,0.73,False,392.23
25.7,13.01,0.01,9,0.01,4.62,0.74,2.06,32.82,0.59,False,31.16
20.5,17.3,0.19,0,0.09,6.55,0.4,1.35,292.85,1.2,False,341.62
18.8,14.81,0.43,0,0.11,4.13,0.95,2.27,43.4,0.48,False,747.38
21.1,19.1,0.32,4,0.18,6.24,0.67,1.22,54.12,1.07,False,259.14
21.8,8.57,0.16,4,0.02,4.94,0.72,1.85,161.17,0.68,True,187.73
19.7,14.44,0.29,0,0.06,3.6,1.04,3.08,316.85,0.33,False,493.79
19.7,14.44,0.29,0,0.06,3.6,1.04,3.08,90.09,0.33,False,493.79
27.1,5.18,0.04,7,0.02,5.51,0.89,1.37,226.97,0.82,False,16.35
25.5,16.39,0.01,9,0.0,4.59,0.66,2.14,33.3,0.6,False,34.16
20.7,30.05,0.45,2,0.12,5.22,0.55,1.76,78.72,0.8,False,311.56
23.6,17.86,0.34,7,0.08,4.25,0.97,2.24,103.84,0.49,False,81.95
24.8,4.73,0.34,5,0.04,5.0,1.05,1.54,88.09,0.67,False,47.16
28.2,7.02,0.37,5,0.0,5.36,0.96,1.39,296.73,0.77,False,9.85
21.6,12.58,0.43,6,0.13,5.02,0.41,2.01,294.4,0.74,False,205.85
25.3,6.6,0.04,7,0.04,4.72,1.0,1.78,13.41,0.6,False,37.46
19.8,15.87,0.44,0,0.05,6.59,0.57,1.22,268.3,1.17,True,471.57
18.9,14.13,0.34,1,0.1,7.32,0.64,0.93,22.66,1.42,False,713.74
24.7,16.67,0.42,7,0.02,6.4,0.82,1.05,348.73,1.09,False,49.38
22.8,15.24,0.05,7,0.04,4.94,0.69,1.85,246.05,0.69,False,118.45
20.6,11.42,0.36,1,0.04,4.65,0.8,1.96,69.87,0.61,True,326.24
26.4,17.76,0.3,7,0.0,4.36,0.89,2.19,180.12,0.52,False,22.57
25.8,12.9,0.24,6,0.04,6.64,0.72,1.06,178.89,1.17,False,29.75
20.3,14.25,0.46,2,0.01,5.74,0.45,1.61,355.54,0.94,True,374.58
22.4,26.65,0.28,1,0.02,5.87,0.43,1.59,205.69,0.97,False,142.41
25.8,5.82,0.04,8,0.04,5.33,1.03,1.34,357.19,0.77,False,29.75
23.6,14.96,0.28,7,0.09,5.95,0.88,1.13,189.7,0.97,False,81.95
27.2,8.35,0.29,6,0.0,6.09,0.65,1.33,87.1,1.01,False,15.64
23.6,4.5,0.03,5,0.0,5.9,0.98,1.09,84.68,0.93,False,81.95
25.8,15.25,0.01,7,0.0,5.92,0.55,1.47,81.31,0.97,False,29.75
28.0,10.79,0.0,7,0.0,5.4,0.72,1.58,143.12,0.8,False,10.8
23.2,13.48,0.01,7,0.01,4.28,0.77,2.35,144.81,0.51,False,98.52
25.7,11.06,0.34,7,0.02,5.15,0.97,1.47,34.84,0.73,False,31.16
21.4,17.44,0.46,4,0.17,6.49,0.29,1.46,189.06,1.2,False,225.71
23.78,7.04,0.2,6,0.06,5.53,1.06,1.2,305.27,0.82,False,75.46
19.5,26.87,0.48,0,0.0,4.12,0.83,2.48,356.73,0.46,True,541.43
27.5,8.76,0.17,6,0.02,6.66,0.75,1.03,22.8,1.18,False,13.6
23.8,6.62,0.19,2,0.04,6.01,0.8,1.22,137.08,0.97,False,74.74
22.4,7.89,0.32,7,0.09,5.16,0.99,1.47,346.55,0.73,False,142.41
26.2,14.28,0.28,7,0.0,6.0,0.86,1.16,196.5,0.97,False,24.75
26.0,7.83,0.25,7,0.02,6.54,0.73,1.09,131.24,1.14,False,27.14
26.5,12.38,0.1,8,0.05,6.04,0.93,1.06,218.68,1.0,False,21.55
26.8,8.23,0.03,7,0.02,7.07,0.57,1.08,345.5,1.32,False,18.77
28.9,13.84,0.05,7,0.0,4.5,0.79,2.13,281.31,0.56,False,7.14
19.2,23.12,0.26,0,0.22,4.63,1.03,1.6,153.38,0.65,False,621.65
22.2,6.83,0.33,0,0.02,5.73,0.84,1.31,86.83,0.89,False,156.15
21.0,4.63,0.28,3,0.28,3.78,1.27,2.66,118.11,0.36,False,271.36
26.1,15.56,0.01,7,0.0,3.79,0.77,2.9,188.12,0.4,False,25.91
24.1,9.47,0.49,7,0.04,4.84,0.99,1.68,153.08,0.64,False,65.09
20.8,8.82,0.36,2,0.12,5.76,0.78,1.34,141.44,0.9,False,297.54
22.6,11.29,0.03,4,0.03,4.42,0.93,2.08,142.17,0.53,False,129.88
20.5,14.29,0.39,1,0.12,6.47,0.42,1.37,27.87,1.16,False,341.62
24.3,8.05,0.0,1,0.0,6.77,0.65,1.09,203.09,1.22,False,59.37
23.6,10.46,0.04,7,0.02,6.17,0.79,1.15,147.89,1.03,False,81.95
25.1,5.1,0.08,7,0.04,6.48,0.7,1.14,217.24,1.12,False,41.07
20.6,9.32,0.48,0,0.25,4.3,1.15,2.01,27.78,0.5,False,326.24
20.6,9.32,0.48,0,0.25,4.3,1.15,2.01,27.78,0.5,False,326.24
23.4,4.43,0.16,7,0.17,3.29,1.17,3.73,238.24,0.26,False,89.86
19.8,16.37,0.39,0,0.24,5.12,0.57,1.79,63.66,0.77,False,471.57
24.2,6.58,0.21,6,0.04,6.26,0.78,1.14,255.88,1.05,False,62.16
19.7,19.86,0.31,4,0.15,3.25,1.01,3.7,285.05,0.27,False,493.79
22.0,5.14,0.17,1,0.14,4.89,1.15,1.52,34.7,0.64,False,171.22
22.1,2.42,0.36,3,0.24,4.29,1.21,2.03,68.56,0.48,False,163.51
22.0,29.74,0.48,7,0.04,4.0,0.75,2.65,294.87,0.45,False,171.22
25.3,3.77,0.05,7,0.05,4.9,1.03,1.63,34.3,0.64,False,37.46
23.1,5.93,0.13,9,0.11,5.07,1.04,1.48,24.8,0.7,False,103.17
21.7,17.27,0.08,8,0.08,3.69,0.76,3.04,339.12,0.38,False,196.58
21.2,6.48,0.34,8,0.19,4.55,1.06,1.87,68.46,0.56,False,247.48
19.6,18.25,0.42,0,0.02,5.09,0.95,1.56,145.27,0.7,True,517.06
24.4,8.58,0.3,8,0.05,5.86,0.73,1.34,89.29,0.94,False,56.69
21.7,18.79,0.46,0,0.07,3.57,1.06,3.15,19.39,0.32,False,196.58
25.7,16.34,0.4,7,0.01,5.16,0.97,1.5,190.41,0.72,False,31.16
25.1,13.56,0.27,2,0.13,6.07,0.78,1.2,236.34,1.0,False,41.07
21.2,23.89,0.4,0,0.03,6.02,0.61,1.38,199.88,0.99,True,247.48
26.69,6.16,0.21,3,0.0,6.02,0.74,1.27,87.31,0.98,False,19.73
25.3,7.17,0.22,6,0.03,6.0,0.8,1.23,59.14,0.97,False,37.46
21.2,17.88,0.37,5,0.05,3.14,0.57,4.01,286.7,0.28,False,247.48
22.6,8.03,0.21,7,0.02,5.7,0.8,1.36,224.01,0.88,False,129.88
27.3,2.76,0.11,5,0.01,6.02,0.89,1.13,210.92,0.97,False,14.91
20.3,5.53,0.14,0,0.08,4.64,1.08,1.79,242.6,0.57,False,374.58
22.3,9.9,0.03,7,0.01,3.22,0.95,3.92,241.2,0.26,False,149.12
27.6,3.48,0.32,7,0.01,4.79,0.96,1.77,289.78,0.62,False,12.99
25.0,6.77,0.22,6,0.02,6.38,0.63,1.23,66.78,1.1,False,43.01
23.6,11.05,0.12,7,0.01,5.65,0.62,1.54,169.32,0.88,False,81.95
22.8,5.32,0.46,5,0.1,4.65,1.08,1.78,319.98,0.58,False,118.45
24.8,16.72,0.34,6,0.0,3.75,0.68,3.0,198.49,0.39,False,47.16
21.7,8.26,0.09,0,0.02,4.29,0.95,2.22,73.63,0.49,True,196.58
19.0,13.93,0.38,1,0.23,3.98,0.69,2.64,344.41,0.46,False,681.62
24.8,12.49,0.24,7,0.02,5.82,0.77,1.3,27.74,0.94,False,47.16
21.4,20.37,0.29,8,0.12,5.44,0.69,1.51,75.84,0.86,False,225.71
25.0,15.27,0.03,7,0.01,6.39,0.59,1.24,304.64,1.13,False,43.01
21.6,13.56,0.01,2,0.0,5.55,0.78,1.42,84.04,0.85,True,205.85
20.1,19.72,0.18,1,0.08,5.36,0.99,1.24,191.21,0.84,False,410.72
19.6,23.48,0.36,1,0.27,4.72,0.58,2.07,354.24,0.65,False,517.06
21.8,9.56,0.43,7,0.23,4.28,1.03,2.12,1.05,0.5,False,187.73
26.1,9.74,0.38,6,0.03,6.7,0.68,1.08,166.41,1.2,False,25.91
23.2,16.16,0.25,6,0.06,6.59,0.61,1.18,24.69,1.16,False,98.52
24.6,10.58,0.17,7,0.05,6.19,0.73,1.21,109.35,1.03,False,51.71
23.0,11.14,0.28,8,0.05,5.82,0.7,1.37,291.61,0.94,False,108.03
22.2,10.52,0.32,3,0.11,6.47,0.62,1.2,318.01,1.13,False,155.86
19.6,23.48,0.36,1,0.27,4.72,0.58,2.07,354.24,0.65,False,517.06
24.2,4.1,0.16,8,0.14,4.08,1.16,2.32,12.08,0.43,False,62.16
23.6,9.82,0.12,6,0.1,6.06,0.86,1.12,300.37,1.0,False,81.95
26.0,5.51,0.07,5,0.02,6.3,0.72,1.18,333.93,1.06,False,27.14
22.3,9.08,0.12,3,0.08,5.85,0.82,1.27,208.92,0.92,False,149.12
18.8,30.27,0.37,1,0.14,3.89,0.69,2.66,282.05,0.45,False,747.38
28.1,13.07,0.15,7,0.0,4.33,0.92,2.2,66.5,0.51,False,10.32
25.9,5.71,0.03,7,0.03,4.72,1.01,1.79,276.38,0.6,False,28.41
21.3,14.39,0.4,1,0.05,5.08,1.03,1.45,190.96,0.71,True,236.34
20.4,5.43,0.14,0,0.12,3.58,1.13,3.11,355.43,0.32,False,357.72
23.9,3.94,0.1,3,0.03,6.26,0.77,1.15,57.36,1.05,False,71.37
22.7,8.47,0.31,1,0.28,4.36,1.29,1.84,34.2,0.5,False,124.03
26.6,8.02,0.46,5,0.0,5.35,0.89,1.46,96.66,0.77,False,20.58
22.2,6.26,0.21,8,0.17,3.45,1.18,3.35,355.18,0.29,False,156.15
27.4,20.52,0.49,7,0.01,4.63,0.96,1.89,188.99,0.58,False,14.24
22.6,5.7,0.03,0,0.02,4.32,1.0,2.16,31.08,0.5,False,129.88
21.6,22.52,0.43,1,0.06,6.36,0.63,1.24,203.61,1.09,False,205.85
20.6,12.35,0.42,4,0.0,3.7,0.73,2.94,137.59,0.4,True,326.24
22.07,18.82,0.14,7,0.01,4.81,0.67,1.97,335.93,0.65,False,165.78
22.7,16.78,0.33,0,0.0,6.06,0.77,1.23,253.03,0.99,False,124.03
22.1,3.65,0.28,1,0.28,3.6,1.29,3.0,339.01,0.31,False,163.51
21.0,4.86,0.25,2,0.22,3.58,1.23,3.05,340.66,0.31,False,271.36
23.4,15.93,0.26,0,0.05,5.98,0.95,1.05,52.01,0.98,False,89.86
26.5,8.48,0.41,6,0.02,5.29,0.97,1.42,89.34,0.76,False,21.55
21.5,17.72,0.44,7,0.12,5.27,0.58,1.75,308.25,0.78,False,215.55
22.0,3.33,0.24,9,0.23,3.38,1.23,3.5,9.86,0.27,False,171.22
22.9,10.3,0.48,7,0.17,3.59,1.18,3.06,353.09,0.32,False,113.12
24.9,6.91,0.4,7,0.04,5.09,0.87,1.63,29.7,0.7,False,45.03
22.5,14.26,0.23,1,0.23,5.93,0.66,1.35,260.17,0.98,False,136.0
20.3,29.02,0.43,0,0.01,6.23,0.4,1.47,289.0,1.09,True,374.58
23.9,18.32,0.45,3,0.04,5.99,0.85,1.18,32.14,0.96,False,71.37
21.0,13.06,0.23,8,0.23,5.66,0.78,1.38,219.66,0.88,False,271.36
20.8,8.71,0.19,5,0.12,3.42,1.13,3.42,270.75,0.29,False,297.54
21.0,6.02,0.45,4,0.27,4.66,1.28,1.58,261.4,0.58,False,271.36
25.8,5.21,0.02,7,0.02,4.62,1.01,1.87,187.26,0.57,False,29.75
26.6,3.98,0.06,8,0.06,4.39,1.07,2.03,7.15,0.51,False,20.58
19.3,25.4,0.44,0,0.04,3.35,0.9,3.63,281.5,0.29,True,593.67
23.8,5.58,0.21,2,0.04,6.01,0.8,1.22,137.08,0.97,False,74.74
18.6,17.21,0.36,2,0.1,3.26,1.09,3.69,219.03,0.27,False,819.49
20.4,10.65,0.25,1,0.08,6.15,0.81,1.15,337.56,1.01,False,357.72
24.8,11.8,0.38,6,0.01,7.15,0.6,1.03,16.59,1.34,False,47.16
24.5,11.95,0.3,6,0.02,6.46,0.67,1.17,310.3,1.12,False,54.14
20.3,7.66,0.11,0,0.1,4.26,1.1,2.12,330.06,0.48,False,374.58
24.2,6.09,0.04,7,0.01,4.47,1.0,2.01,70.08,0.53,False,62.16
23.8,8.62,0.11,7,0.04,5.71,0.99,1.16,30.27,0.88,False,74.74
28.1,11.71,0.18,4,0.01,6.19,0.78,1.17,171.26,1.03,False,10.32
26.0,5.79,0.21,6,0.0,6.37,0.81,1.07,189.05,1.08,False,27.14
24.2,15.73,0.38,7,0.04,6.92,0.62,1.06,243.7,1.27,False,62.16
19.5,2.22,0.28,2,0.28,3.41,1.28,3.41,235.49,0.27,False,541.43
23.3,0.98,0.24,6,0.23,4.04,1.23,2.32,186.74,0.42,False,94.09
22.4,10.79,0.29,4,0.13,6.32,0.71,1.18,177.85,1.07,False,142.41
23.0,18.1,0.38,5,0.01,6.14,0.81,1.15,124.34,1.02,False,108.03
18.8,15.97,0.31,1,0.02,7.06,0.59,1.06,212.28,1.31,True,747.38
21.9,10.32,0.15,3,0.01,5.2,0.89,1.54,102.24,0.73,True,179.28
26.4,7.27,0.2,6,0.04,6.38,0.85,1.02,228.74,1.09,False,22.57
23.6,19.33,0.28,7,0.07,6.1,0.62,1.34,320.9,1.01,False,81.95
19.6,16.64,0.08,0,0.01,4.12,0.78,2.51,309.72,0.47,True,517.06
20.5,20.0,0.44,0,0.11,5.1,0.94,1.54,56.63,0.71,False,341.62
21.4,27.9,0.4,1,0.03,5.24,0.65,1.69,274.75,0.78,True,225.71
23.7,8.34,0.28,7,0.08,6.09,0.71,1.27,204.48,1.0,False,78.26
25.5,16.93,0.47,7,0.01,5.04,1.01,1.44,257.59,0.73,False,34.16
26.68,17.32,0.26,7,0.01,5.3,0.78,1.59,158.85,0.77,False,19.82
23.1,12.73,0.23,0,0.2,4.88,1.03,1.59,21.29,0.66,False,103.17
22.6,4.06,0.17,5,0.16,3.88,1.15,2.6,102.85,0.38,False,129.88
22.6,7.3,0.33,7,0.02,5.7,0.8,1.36,224.01,0.88,False,129.88
23.6,21.54,0.45,7,0.07,4.72,0.93,1.84,246.88,0.61,False,81.95
19.6,20.46,0.09,0,0.0,4.46,0.47,2.32,170.27,0.6,True,517.06
23.0,14.54,0.37,6,0.04,7.01,0.35,1.27,224.7,1.35,False,108.03
22.1,6.35,0.2,7,0.17,3.4,1.16,3.44,243.09,0.28,False,163.51
19.7,10.39,0.37,6,0.26,3.32,1.13,3.51,245.94,0.28,False,493.79
18.6,16.12,0.28,0,0.05,3.44,0.86,3.3,342.09,0.33,False,819.49
21.9,13.72,0.0,0,0.0,5.35,0.66,1.66,290.31,0.79,True,179.28
22.9,14.15,0.08,0,0.01,3.53,0.93,3.24,345.22,0.33,False,113.12
22.0,13.15,0.07,0,0.07,5.44,0.66,1.6,354.42,0.82,False,171.22
28.4,6.55,0.12,3,0.0,6.03,0.93,1.09,337.06,0.97,False,8.99
20.8,9.55,0.19,2,0.12,5.76,0.78,1.34,141.44,0.9,False,297.54
25.7,11.0,0.23,2,0.0,5.98,0.89,1.15,170.33,0.96,False,31.16
22.3,22.62,0.35,8,0.17,4.24,0.96,2.14,325.74,0.51,False,149.12
23.6,11.14,0.29,6,0.1,6.06,0.86,1.12,300.37,1.0,False,81.95
23.1,12.22,0.03,7,0.01,4.72,0.8,1.92,203.07,0.62,False,103.17
23.2,11.89,0.13,4,0.11,4.39,0.93,2.08,22.84,0.53,False,98.52
24.2,14.14,0.37,8,0.06,5.38,1.03,1.27,43.16,0.8,False,62.16
25.0,9.6,0.45,7,0.03,5.86,0.72,1.32,232.36,0.95,False,43.01
23.1,5.51,0.09,6,0.08,4.52,1.06,1.91,81.17,0.55,False,103.17
22.9,8.4,0.24,2,0.14,5.95,0.85,1.19,41.78,0.96,False,113.12
23.7,9.1,0.26,5,0.12,3.6,1.1,3.1,322.57,0.32,False,78.26
24.7,5.85,0.36,4,0.05,5.19,1.04,1.42,203.22,0.72,False,49.38
24.2,6.9,0.1,7,0.1,5.41,1.01,1.31,275.55,0.79,False,62.16
18.9,15.95,0.4,2,0.13,3.24,0.69,3.72,280.3,0.3,False,713.74
18.7,9.89,0.46,0,0.09,4.4,0.81,2.17,103.3,0.54,False,782.6
19.6,8.21,0.48,0,0.02,5.09,0.95,1.56,145.27,0.7,True,517.06
23.0,8.33,0.11,6,0.11,4.1,1.08,2.31,219.72,0.45,False,108.03
23.7,9.63,0.06,7,0.06,5.98,0.81,1.21,148.73,0.97,False,78.26
24.7,7.48,0.17,5,0.06,4.34,1.04,2.11,330.61,0.5,False,49.38
20.3,22.29,0.41,0,0.01,4.17,0.87,2.39,253.09,0.47,True,374.58
20.4,13.58,0.24,6,0.01,4.42,0.97,2.01,47.09,0.54,True,357.72
28.0,8.19,0.23,6,0.0,5.99,0.6,1.41,186.86,0.98,False,10.8
21.7,4.92,0.19,4,0.06,5.7,0.91,1.26,130.05,0.87,False,196.58
19.9,1.04,0.41,4,0.26,3.54,1.25,3.14,286.05,0.3,False,450.34
20.0,31.55,0.49,0,0.17,4.45,0.32,2.36,261.73,0.63,False,430.07
23.9,16.37,0.25,7,0.02,6.18,0.78,1.16,272.3,1.03,False,71.37
24.7,5.09,0.01,6,0.01,4.51,1.0,1.97,58.89,0.55,False,49.38
26.6,17.45,0.26,7,0.01,7.7,0.44,1.04,79.24,1.54,False,20.58
26.8,19.38,0.46,7,0.01,4.38,0.99,2.1,324.19,0.51,False,18.77
19.8,5.84,0.48,0,0.03,4.26,0.84,2.32,351.62,0.5,True,471.57
22.9,20.12,0.12,8,0.06,6.01,0.45,1.52,72.77,1.01,False,113.12
28.6,3.11,0.16,5,0.0,6.73,0.75,1.01,234.76,1.2,False,8.19
28.2,5.71,0.07,6,0.01,4.69,0.99,1.82,126.85,0.59,False,9.85
24.9,10.89,0.04,8,0.04,3.63,0.96,3.06,11.44,0.35,False,45.03
25.0,15.27,0.03,8,0.03,4.51,0.74,2.14,35.98,0.57,False,43.01
24.6,21.29,0.06,9,0.0,3.36,0.53,3.59,17.7,0.33,False,51.71
27.4,5.21,0.01,9,0.0,6.17,0.8,1.16,87.62,1.02,False,14.24
18.9,12.79,0.49,0,0.1,5.23,1.05,1.34,174.45,0.75,False,713.74
20.3,19.66,0.15,0,0.12,4.59,1.02,1.72,221.18,0.62,False,374.58
21.0,10.45,0.37,8,0.23,5.66,0.78,1.38,219.66,0.88,False,271.36
21.9,9.3,0.24,0,0.13,3.63,1.07,3.04,332.82,0.33,False,179.28
24.8,10.71,0.02,7,0.01,5.41,0.8,1.49,263.67,0.8,False,47.16
22.1,2.85,0.16,6,0.11,5.31,1.06,1.33,157.54,0.76,False,163.51
27.1,13.23,0.28,7,0.03,4.36,1.0,2.11,339.07,0.51,False,16.35
22.2,18.56,0.18,8,0.06,5.5,0.54,1.66,71.55,0.85,False,156.15
22.1,23.31,0.47,0,0.04,6.56,0.65,1.16,125.89,1.15,False,163.51
22.0,8.8,0.28,2,0.12,5.35,0.83,1.5,95.02,0.79,False,171.22
27.4,6.3,0.02,8,0.01,7.38,0.54,1.02,156.15,1.42,False,14.24
25.1,9.49,0.13,7,0.02,7.54,0.48,1.04,14.03,1.49,False,41.07
20.5,13.28,0.29,1,0.02,5.01,0.93,1.63,289.79,0.68,True,341.62
21.2,9.32,0.38,1,0.21,4.95,1.09,1.51,12.52,0.66,False,247.48
22.4,12.76,0.09,1,0.09,5.12,0.9,1.55,0.98,0.72,False,142.41
23.8,3.83,0.12,5,0.02,5.75,0.95,1.2,113.17,0.89,False,74.74
21.9,4.9,0.15,0,0.03,5.45,0.98,1.32,262.56,0.8,True,179.28
25.1,16.46,0.03,8,0.01,3.72,0.77,3.02,339.41,0.38,False,41.07
24.4,8.97,0.15,9,0.14,4.57,1.05,1.85,34.6,0.57,False,56.69
19.4,8.4,0.4,0,0.07,5.01,0.92,1.62,243.64,0.69,False,566.95
20.1,15.06,0.43,0,0.01,5.01,0.77,1.69,322.66,0.72,True,410.72
22.2,10.98,0.28,0,0.08,4.33,1.07,2.08,292.89,0.5,False,156.15
22.0,16.59,0.21,4,0.06,5.76,0.69,1.42,99.88,0.91,False,171.22
22.8,21.84,0.27,2,0.11,5.01,0.7,1.8,317.24,0.7,False,118.45
19.5,22.17,0.4,0,0.05,7.33,0.53,1.05,245.26,1.41,False,541.43
23.2,19.92,0.2,4,0.01,6.67,0.48,1.27,204.01,1.2,False,98.52
27.8,4.21,0.1,7,0.0,5.71,0.83,1.32,303.9,0.88,False,11.85
21.5,13.19,0.38,4,0.2,4.87,1.08,1.58,207.45,0.64,False,215.55
26.1,16.49,0.01,8,0.0,3.35,0.77,3.64,346.79,0.3,False,25.91
28.6,5.45,0.0,6,0.0,5.35,0.91,1.45,157.61,0.77,False,8.19
25.5,5.17,0.04,7,0.03,4.41,1.02,2.06,320.12,0.52,False,34.16
26.6,18.72,0.48,5,0.01,6.46,0.77,1.07,179.06,1.11,False,20.58
26.6,17.45,0.22,7,0.0,6.09,0.63,1.34,296.18,1.01,False,20.58
25.65,12.93,0.39,5,0.01,6.57,0.62,1.17,191.22,1.16,False,31.87
21.3,24.86,0.11,8,0.05,4.88,0.9,1.54,320.48,0.73,False,236.34
22.6,7.43,0.11,8,0.08,3.64,1.05,3.03,13.33,0.34,False,129.88
21.7,19.68,0.21,1,0.02,3.95,0.41,2.82,220.62,0.48,True,196.58
23.3,15.89,0.45,3,0.0,5.61,1.0,1.21,242.19,0.85,False,94.09
25.3,17.21,0.2,8,0.03,6.16,0.72,1.21,263.85,1.04,False,37.46
22.3,9.75,0.5,6,0.18,4.61,1.1,1.77,153.0,0.57,False,149.12
25.5,13.76,0.25,9,0.05,5.32,0.99,1.33,314.53,0.79,False,34.16
21.8,8.37,0.24,9,0.1,4.0,1.1,2.47,341.02,0.41,False,187.73
24.1,7.79,0.18,8,0.18,4.04,1.17,2.32,7.21,0.43,False,65.09
20.4,12.88,0.21,0,0.01,3.46,0.76,3.43,283.73,0.33,True,357.72
19.3,20.21,0.43,0,0.2,5.03,0.57,1.89,2.71,0.72,False,593.67
18.8,9.0,0.42,0,0.07,4.44,0.82,2.12,71.31,0.55,False,747.38
21.3,8.66,0.45,0,0.09,5.2,0.9,1.53,269.96,0.74,False,236.34
24.2,19.51,0.39,8,0.01,7.4,0.53,1.03,148.24,1.43,False,62.16
25.0,2.1,0.05,4,0.02,5.79,0.96,1.17,321.42,0.9,False,43.01
24.5,8.39,0.11,6,0.11,6.14,0.86,1.11,39.4,1.02,False,54.14
27.3,9.9,0.0,6,0.0,5.91,0.71,1.34,25.44,0.95,False,14.91
25.9,7.98,0.03,7,0.03,4.68,0.99,1.81,117.44,0.59,False,28.41
23.3,9.36,0.25,2,0.19,6.1,0.75,1.22,11.1,1.01,False,94.09
21.6,10.31,0.45,3,0.28,4.59,1.14,1.73,129.75,0.57,False,205.85
25.6,15.5,0.01,9,0.01,3.83,0.81,2.84,339.6,0.4,False,32.62
26.1,8.62,0.05,7,0.02,4.31,0.98,2.18,254.32,0.5,False,25.91
21.6,4.28,0.25,6,0.25,3.43,1.22,3.38,204.54,0.28,False,205.85
24.9,11.11,0.36,7,0.01,6.39,0.49,1.35,223.74,1.11,False,45.03
23.9,6.06,0.42,7,0.15,5.16,1.08,1.4,132.08,0.71,False,71.37
20.4,18.76,0.44,0,0.06,3.54,1.05,3.14,287.03,0.33,False,357.72
20.0,18.9,0.31,3,0.14,5.09,0.74,1.66,66.45,0.75,False,430.07
22.2,29.68,0.15,6,0.0,3.76,0.61,2.84,120.07,0.44,False,156.15
20.59,17.6,0.38,6,0.13,4.51,0.56,2.26,95.27,0.59,False,327.15
23.1,13.72,0.36,8,0.17,5.09,1.05,1.45,96.27,0.7,False,103.17
18.6,25.2,0.19,1,0.16,3.45,0.43,3.43,344.77,0.37,False,819.49
22.0,27.8,0.46,0,0.03,6.5,0.5,1.31,31.82,1.15,True,171.22
21.3,2.44,0.26,1,0.22,3.68,1.22,2.89,305.28,0.33,False,236.34
20.7,5.99,0.17,5,0.15,3.48,1.14,3.29,230.89,0.3,False,311.56
21.9,14.53,0.11,7,0.02,3.44,0.72,3.47,292.49,0.32,False,179.28
28.1,19.5,0.32,7,0.0,4.28,0.91,2.27,218.92,0.49,False,10.32
25.7,9.14,0.02,8,0.01,3.46,1.01,3.36,354.87,0.31,False,31.16
20.7,21.1,0.46,2,0.03,4.21,0.93,2.09,346.13,0.53,True,311.56
28.5,1.46,0.05,4,0.0,6.18,0.95,1.01,176.03,1.02,False,8.58
20.0,13.99,0.09,4,0.09,3.21,1.01,3.82,148.13,0.26,False,430.07
26.1,8.0,0.33,7,0.01,5.52,0.9,1.34,62.13,0.83,False,25.91
28.7,3.05,0.14,6,0.0,5.7,0.96,1.21,122.53,0.87,False,7.83
26.9,4.08,0.14,7,0.03,6.06,0.84,1.17,264.44,0.98,False,17.93
27.48,7.78,0.02,6,0.0,4.71,0.94,1.85,57.68,0.6,False,13.75
21.9,15.31,0.05,8,0.05,3.16,0.95,3.92,10.29,0.26,False,179.28
22.3,5.86,0.26,3,0.08,5.85,0.82,1.27,208.92,0.92,False,149.12
23.5,11.42,0.08,7,0.07,5.24,1.03,1.36,63.94,0.75,False,85.81
22.8,17.29,0.19,0,0.05,4.22,0.86,2.35,199.19,0.48,False,118.45
18.7,5.46,0.42,0,0.26,3.83,1.27,2.57,341.12,0.37,False,782.6
22.4,8.28,0.06,5,0.0,3.93,0.96,2.64,62.9,0.41,False,142.41
22.8,8.01,0.08,0,0.05,4.68,0.97,1.84,39.32,0.59,False,118.45
22.5,24.06,0.06,7,0.04,3.34,0.53,3.63,291.85,0.33,False,136.0
25.3,12.01,0.39,6,0.01,6.95,0.63,1.05,337.83,1.28,False,37.46
24.0,19.49,0.02,8,0.01,3.52,0.64,3.35,341.17,0.35,False,68.16
27.3,6.0,0.02,9,0.01,4.95,0.98,1.63,26.1,0.66,False,14.91
25.5,11.88,0.32,6,0.01,6.63,0.71,1.07,94.18,1.17,False,34.16
21.8,8.07,0.08,2,0.08,5.29,1.05,1.33,69.72,0.76,False,187.73
27.2,8.66,0.28,6,0.0,6.09,0.65,1.33,87.1,1.01,False,15.64
21.6,21.6,0.15,8,0.15,3.73,0.83,2.75,26.05,0.41,False,205.85
22.3,16.73,0.42,5,0.07,3.64,1.08,3.02,274.53,0.34,False,149.12
21.0,10.31,0.38,1,0.12,5.12,0.71,1.73,246.54,0.73,False,271.36
20.8,10.38,0.13,5,0.05,3.76,1.03,2.84,330.85,0.37,True,297.54
21.8,17.76,0.41,8,0.07,5.17,0.45,1.89,62.47,0.78,False,187.73
28.5,14.12,0.42,6,0.0,6.89,0.61,1.09,254.42,1.26,False,8.58
23.4,11.71,0.09,9,0.07,4.4,1.01,2.01,338.53,0.53,False,89.86
25.54,4.28,0.12,7,0.08,4.72,1.08,1.72,55.41,0.59,False,33.46
20.5,11.87,0.3,1,0.15,6.08,0.44,1.49,266.01,1.03,False,341.62
24.6,13.72,0.29,6,0.0,6.16,0.81,1.15,49.99,1.02,False,51.71
26.2,17.87,0.41,6,0.01,4.23,1.01,2.24,202.22,0.48,False,24.75
20.7,22.48,0.2,7,0.12,3.96,1.01,2.33,167.83,0.46,False,311.56
23.6,10.86,0.05,7,0.01,5.46,0.78,1.48,58.94,0.82,False,81.95
27.5,18.98,0.28,7,0.01,4.4,0.84,2.18,315.53,0.53,False,13.6
20.9,12.51,0.35,2,0.12,5.77,0.85,1.25,282.01,0.92,False,284.15
23.2,6.66,0.09,0,0.02,5.57,0.99,1.24,92.49,0.84,False,98.52
20.9,14.35,0.17,0,0.0,5.64,0.88,1.28,136.69,0.88,True,284.15
26.7,13.91,0.37,6,0.02,6.89,0.59,1.1,190.01,1.26,False,19.66
24.4,9.21,0.23,6,0.02,6.6,0.79,1.01,44.5,1.16,False,56.69
25.0,8.0,0.45,8,0.03,5.34,0.82,1.52,61.0,0.78,False,43.01
27.6,16.21,0.3,6,0.0,5.88,0.78,1.3,246.01,0.93,False,12.99
19.1,11.14,0.46,0,0.21,4.86,1.13,1.52,15.23,0.65,False,650.94
21.2,10.77,0.16,1,0.06,7.26,0.4,1.18,274.15,1.41,False,247.48
25.1,18.24,0.18,7,0.0,5.11,0.7,1.76,237.74,0.73,False,41.07
20.4,12.53,0.23,6,0.06,7.97,0.33,1.08,16.06,1.66,False,357.72
20.3,10.82,0.31,0,0.01,6.02,0.71,1.3,240.88,0.98,True,374.58
19.7,9.25,0.25,0,0.0,6.39,0.68,1.18,294.27,1.1,True,493.79
26.0,8.94,0.23,7,0.02,5.6,1.0,1.2,334.18,0.85,False,27.11
26.7,21.84,0.44,8,0.0,4.18,0.93,2.35,342.93,0.47,False,19.66
19.9,9.33,0.36,3,0.08,4.89,1.07,1.57,169.86,0.65,False,450.34
20.8,3.66,0.33,0,0.03,4.93,1.01,1.62,64.72,0.65,True,297.54
20.1,18.34,0.39,0,0.01,4.26,0.62,2.45,238.12,0.52,True,410.72
20.5,16.77,0.23,1,0.17,5.57,0.7,1.44,298.78,0.89,False,341.62
23.6,5.43,0.26,0,0.02,5.69,0.89,1.28,343.28,0.87,False,81.95
22.3,5.79,0.5,5,0.05,4.56,0.98,1.94,245.34,0.56,False,149.12
23.7,8.3,0.19,0,0.01,5.13,1.02,1.48,207.17,0.71,False,78.26
23.5,5.3,0.22,4,0.03,5.84,0.8,1.29,28.28,0.92,False,85.81
21.3,7.55,0.18,2,0.16,4.88,1.08,1.57,156.16,0.64,False,236.34
24.9,3.61,0.1,4,0.0,5.83,0.95,1.15,3.56,0.91,False,45.03
23.4,15.68,0.24,0,0.05,5.98,0.95,1.05,52.01,0.98,False,89.86
20.0,20.44,0.28,1,0.04,4.31,0.83,2.26,203.34,0.51,True,430.07
28.1,8.01,0.24,4,0.01,6.17,0.93,1.03,319.97,1.01,False,10.32
18.7,12.11,0.26,0,0.15,4.69,0.99,1.76,97.85,0.61,False,782.6
21.6,3.27,0.33,3,0.02,4.93,1.02,1.61,189.19,0.65,True,205.85
27.7,16.32,0.31,7,0.0,4.24,0.97,2.27,150.95,0.48,False,12.4
22.9,2.44,0.41,5,0.07,4.32,1.03,2.13,154.45,0.5,False,113.12
21.9,4.57,0.16,6,0.15,3.46,1.16,3.35,174.33,0.29,False,179.28
20.0,15.95,0.33,9,0.06,3.91,0.69,2.78,59.71,0.43,False,430.07
20.0,5.67,0.37,0,0.17,5.04,1.09,1.46,66.06,0.68,False,430.07
20.6,3.18,0.22,5,0.21,3.51,1.21,3.22,189.09,0.3,False,326.24
20.6,16.37,0.25,2,0.07,4.34,0.87,2.16,279.96,0.53,False,326.24
21.8,1.98,0.42,4,0.23,3.64,1.24,2.95,250.95,0.32,False,187.73
24.2,11.35,0.41,7,0.04,5.15,0.9,1.53,13.0,0.73,False,62.16
19.8,9.17,0.11,0,0.09,4.68,1.07,1.73,18.23,0.59,False,471.57
22.0,10.28,0.36,3,0.15,5.84,0.75,1.32,65.34,0.94,False,171.22
23.2,17.12,0.37,6,0.05,4.86,0.93,1.74,57.57,0.64,False,98.52
26.1,9.81,0.35,7,0.01,6.76,0.66,1.08,72.88,1.21,False,25.91
25.2,7.96,0.07,5,0.01,6.15,0.79,1.17,131.3,1.01,False,39.22
25.1,7.4,0.05,7,0.05,3.25,1.05,3.84,106.18,0.26,False,41.07
20.1,18.56,0.18,0,0.05,5.28,1.0,1.32,234.48,0.79,False,410.72
22.0,7.01,0.47,2,0.12,5.35,0.83,1.5,95.02,0.79,False,171.22
20.3,18.56,0.18,0,0.05,5.28,1.0,1.32,32.33,0.79,False,374.58
25.9,14.34,0.02,8,0.01,3.45,0.87,3.42,13.01,0.31,False,28.41
19.7,14.81,0.42,0,0.28,4.58,1.19,1.66,303.1,0.58,False,493.79
23.4,17.6,0.43,4,0.11,4.33,1.03,2.12,194.52,0.5,False,89.86
23.4,25.78,0.39,8,0.03,6.54,0.7,1.05,139.28,1.2,False,89.86
22.1,9.64,0.16,6,0.14,3.77,1.15,2.7,305.89,0.37,False,163.51
24.0,14.08,0.38,7,0.01,5.9,0.64,1.41,279.46,0.95,False,68.16
23.9,18.53,0.32,5,0.04,6.66,0.59,1.18,265.21,1.19,False,71.37
20.8,27.45,0.27,8,0.2,3.35,1.2,2.71,6.97,0.36,False,297.54
23.1,8.6,0.08,8,0.08,4.83,0.94,1.74,49.0,0.63,False,103.17
24.4,14.5,0.12,8,0.09,4.83,1.07,1.56,22.13,0.65,False,56.69
20.8,5.28,0.41,1,0.22,4.95,1.18,1.45,335.34,0.65,False,297.54
23.7,11.5,0.05,0,0.0,3.4,0.95,3.51,176.68,0.3,False,78.26
26.4,8.51,0.47,6,0.0,4.42,0.94,2.05,295.44,0.54,False,22.57
23.9,7.91,0.02,7,0.02,4.36,0.95,2.15,207.33,0.51,False,71.37
22.2,10.35,0.15,6,0.02,3.58,0.84,3.21,241.46,0.34,False,156.15
27.1,8.21,0.03,9,0.01,3.65,0.98,3.05,350.19,0.34,False,16.35
21.3,11.86,0.08,1,0.05,6.44,0.6,1.24,111.34,1.12,False,236.34
22.8,17.98,0.4,2,0.03,5.99,0.83,1.2,346.21,0.96,False,118.45
23.6,6.7,0.07,6,0.06,3.94,1.05,2.56,3.09,0.41,False,81.95
23.6,16.33,0.31,7,0.05,6.3,0.63,1.25,165.54,1.09,False,81.95
23.4,7.15,0.13,7,0.12,4.43,1.02,2.01,198.09,0.53,False,89.86
23.8,26.58,0.03,9,0.03,3.11,0.7,3.76,14.51,0.3,False,74.74
24.9,12.91,0.02,8,0.02,4.86,0.88,1.75,34.26,0.65,False,45.03
20.9,2.52,0.5,5,0.22,3.69,1.2,2.88,216.19,0.34,False,284.15
24.5,5.22,0.15,6,0.0,5.94,0.76,1.28,309.53,0.95,False,54.14
25.0,7.32,0.01,7,0.01,5.54,0.83,1.4,352.03,0.83,False,43.01
28.6,10.0,0.0,7,0.0,5.25,0.77,1.62,218.45,0.76,False,8.19
24.0,16.32,0.2,7,0.03,4.28,0.9,2.26,185.07,0.5,False,68.16
23.9,17.3,0.36,7,0.04,6.92,0.63,1.06,193.67,1.27,False,71.37
27.7,15.88,0.07,8,0.0,6.58,0.48,1.3,280.33,1.17,False,12.4
20.9,12.09,0.18,2,0.12,5.77,0.85,1.25,282.01,0.92,False,284.15
21.9,16.87,0.04,0,0.04,3.24,1.01,3.6,140.07,0.28,True,179.28
20.9,28.49,0.4,0,0.1,4.88,0.68,1.87,94.67,0.68,False,284.15
28.4,18.9,0.0,8,0.0,4.13,0.58,2.59,335.07,0.49,False,8.99
20.7,14.24,0.24,3,0.22,4.63,1.2,1.6,335.58,0.6,False,311.56
22.5,11.42,0.26,3,0.12,6.36,0.75,1.11,144.02,1.09,False,136.0
29.4,18.72,0.47,6,0.0,6.94,0.7,0.99,183.02,1.27,False,5.67
23.0,12.33,0.23,7,0.24,3.1,1.22,4.02,47.43,0.23,False,108.03
19.4,27.47,0.47,0,0.14,5.74,0.52,1.56,140.6,0.93,False,566.95
19.6,10.82,0.25,1,0.18,4.59,1.03,1.82,253.58,0.58,False,517.06
23.7,19.73,0.34,5,0.01,7.34,0.56,1.0,125.98,1.43,False,78.26
25.3,9.75,0.15,6,0.02,6.1,0.94,1.04,338.22,1.0,False,37.46
23.0,21.89,0.43,4,0.07,4.81,0.92,1.76,11.66,0.64,False,108.03
26.4,21.41,0.43,8,0.01,7.22,0.56,1.05,220.05,1.36,False,22.57
26.1,11.63,0.5,6,0.0,6.15,0.55,1.38,179.39,1.04,False,25.91
18.8,19.26,0.42,0,0.21,5.8,0.74,1.34,125.13,0.92,False,747.38
23.6,14.99,0.42,1,0.01,7.24,0.56,1.04,252.65,1.38,False,81.95
20.4,13.64,0.47,1,0.05,6.48,0.43,1.35,85.12,1.17,False,357.72
21.4,20.85,0.12,8,0.12,5.44,0.69,1.51,75.84,0.86,False,225.71
25.5,5.61,0.02,6,0.02,6.14,0.81,1.16,42.85,1.01,False,34.16
25.1,8.38,0.02,7,0.0,4.2,0.94,2.33,110.72,0.47,False,41.07
21.3,9.11,0.16,0,0.15,4.27,1.13,2.06,129.72,0.49,False,236.34
23.1,9.47,0.16,6,0.02,7.26,0.45,1.13,66.68,1.39,False,103.17
19.7,26.09,0.45,0,0.04,5.09,0.89,1.52,185.94,0.74,True,493.79
23.0,13.05,0.15,8,0.07,5.97,0.92,1.09,168.73,0.97,False,108.03
25.4,8.51,0.18,5,0.03,6.19,0.9,1.05,61.31,1.02,False,35.77
23.9,16.1,0.12,2,0.1,7.44,0.43,1.09,237.95,1.49,False,71.37
23.4,2.7,0.21,6,0.17,4.13,1.15,2.26,34.14,0.44,False,89.86
21.2,5.46,0.28,8,0.27,3.27,1.17,3.73,20.1,0.26,False,247.48
25.0,10.77,0.28,8,0.1,5.24,1.03,1.37,54.82,0.75,False,43.01
19.4,21.31,0.18,0,0.17,6.11,0.39,1.52,84.01,1.06,False,566.95
20.4,16.44,0.36,0,0.02,7.66,0.5,0.99,276.64,1.54,True,357.72
19.3,16.45,0.36,2,0.26,3.4,1.24,3.11,174.73,0.31,False,593.67
26.9,14.4,0.0,7,0.0,3.48,0.81,3.38,187.56,0.33,False,17.93
27.6,8.84,0.0,7,0.0,5.22,0.84,1.58,160.58,0.74,False,12.99
24.5,21.72,0.38,7,0.02,7.7,0.45,1.03,236.99,1.54,False,54.14
24.4,10.76,0.2,6,0.06,6.24,0.67,1.24,74.77,1.06,False,56.69
25.7,14.42,0.33,1,0.0,5.99,0.87,1.16,161.44,0.96,False,31.16
25.2,5.91,0.04,7,0.03,4.13,1.0,2.36,62.78,0.45,False,39.22
23.4,9.43,0.14,6,0.14,4.37,1.0,2.08,186.07,0.52,False,89.86
23.2,14.06,0.14,1,0.13,5.14,1.11,1.32,168.07,0.74,False,98.52
20.8,5.32,0.48,0,0.01,4.35,0.95,2.15,102.89,0.51,True,297.54
20.3,13.58,0.1,0,0.03,3.69,0.83,3.03,277.85,0.37,True,374.58
22.2,17.3,0.43,5,0.01,6.34,0.85,1.04,292.22,1.08,False,156.15
20.2,16.39,0.36,1,0.04,5.15,1.05,1.34,18.31,0.75,True,392.23
25.4,11.67,0.02,7,0.02,4.79,0.78,1.91,25.28,0.63,False,35.77
23.2,11.3,0.21,7,0.01,4.28,0.77,2.35,144.81,0.51,False,98.52
23.3,8.12,0.06,6,0.05,7.02,0.56,1.1,305.35,1.3,False,94.09
24.1,13.42,0.11,8,0.11,5.08,0.94,1.53,51.74,0.72,False,65.09
27.8,11.16,0.0,8,0.0,4.32,0.84,2.26,27.98,0.51,False,11.85
21.5,15.22,0.26,2,0.24,6.19,0.64,1.27,242.67,1.06,False,215.55
24.8,2.44,0.05,4,0.02,5.5,0.96,1.31,296.17,0.81,False,47.16
22.8,12.2,0.03,7,0.01,5.07,0.97,1.53,138.9,0.71,False,118.45
26.0,17.68,0.22,6,0.0,6.85,0.52,1.18,233.65,1.25,False,27.14
24.2,7.18,0.47,7,0.02,4.86,0.9,1.76,87.77,0.64,False,62.16
26.0,8.42,0.22,8,0.04,4.91,1.03,1.61,12.81,0.65,False,27.14
21.8,14.33,0.22,8,0.2,4.05,0.91,2.42,326.15,0.46,False,187.73
23.9,18.73,0.33,7,0.06,3.6,0.95,3.13,220.68,0.34,False,71.37
19.0,20.01,0.31,4,0.07,3.4,0.58,3.37,226.0,0.36,False,681.62
24.3,8.84,0.16,7,0.09,5.86,0.89,1.19,2.74,0.93,False,59.37
20.6,18.51,0.38,1,0.01,6.41,0.45,1.36,87.32,1.14,True,326.24
23.6,20.13,0.06,9,0.06,4.83,0.55,2.01,44.98,0.68,False,81.95
25.0,12.91,0.2,7,0.03,5.86,0.72,1.32,232.36,0.95,False,43.01
25.9,8.22,0.2,4,0.01,6.25,0.87,1.06,28.3,1.04,False,28.41
25.4,3.74,0.14,7,0.09,4.97,1.07,1.53,20.98,0.66,False,35.77
19.1,24.98,0.33,0,0.04,3.73,0.75,3.0,295.17,0.38,True,650.94
24.0,7.82,0.0,0,0.0,6.53,0.83,0.99,246.77,1.13,False,68.16
23.2,7.38,0.08,0,0.08,5.6,0.99,1.22,26.27,0.85,False,98.52
21.0,17.7,0.32,1,0.27,6.09,0.57,1.34,95.41,1.05,False,271.36
27.2,12.93,0.4,5,0.01,6.02,0.98,1.05,137.76,0.97,False,15.62
20.6,29.76,0.15,0,0.03,4.64,0.34,2.28,10.12,0.65,True,326.24
28.3,13.76,0.39,4,0.0,6.75,0.63,1.12,326.93,1.21,False,9.41
28.8,16.89,0.33,7,0.0,6.75,0.67,1.08,98.78,1.21,False,7.47
24.2,4.27,0.47,5,0.05,4.28,1.04,2.18,132.0,0.48,False,62.16
25.8,18.09,0.26,7,0.0,3.56,0.92,3.21,201.79,0.33,False,29.75
24.2,16.53,0.41,1,0.02,6.13,0.87,1.11,142.72,1.0,False,62.16
24.6,12.12,0.34,7,0.04,5.22,0.91,1.48,78.08,0.76,False,51.71
22.6,24.59,0.49,3,0.0,3.42,0.48,3.49,224.83,0.35,False,129.88
25.8,16.87,0.02,9,0.02,3.56,0.72,3.26,17.67,0.35,False,29.75
20.3,18.43,0.3,0,0.02,5.07,0.81,1.69,111.0,0.7,True,374.58
23.0,11.75,0.12,0,0.12,3.16,1.11,3.93,43.36,0.25,False,108.03
19.9,15.19,0.29,3,0.25,3.34,1.23,3.31,114.46,0.29,False,450.34
24.7,8.06,0.17,7,0.07,6.14,0.89,1.07,25.59,1.01,False,49.38
24.3,20.56,0.49,5,0.01,5.9,0.85,1.22,27.99,0.93,False,59.37
23.9,6.63,0.12,8,0.09,3.36,1.09,3.58,359.92,0.28,False,71.37
26.6,14.06,0.24,6,0.0,6.11,0.78,1.2,120.79,1.0,False,20.58
21.3,15.79,0.24,2,0.21,6.03,0.76,1.21,63.35,1.01,False,236.34
21.0,5.25,0.17,5,0.15,3.79,1.14,2.74,236.8,0.36,False,271.36
21.7,12.01,0.28,4,0.25,6.3,0.58,1.29,97.77,1.09,False,196.58
26.8,13.94,0.02,8,0.01,4.22,0.77,2.4,334.73,0.49,False,18.77
19.0,14.03,0.29,0,0.14,4.21,0.74,2.41,86.93,0.5,False,681.62
20.2,24.97,0.45,0,0.01,3.81,0.87,2.85,288.59,0.39,True,392.23
22.3,19.44,0.29,0,0.01,5.12,0.81,1.65,51.81,0.72,False,149.12
26.5,12.89,0.09,8,0.05,6.04,0.93,1.06,218.68,1.0,False,21.55
23.7,10.61,0.02,7,0.01,5.23,0.79,1.61,91.73,0.75,False,78.26
22.6,12.31,0.06,5,0.04,3.86,0.95,2.71,273.6,0.4,False,129.88
26.8,9.7,0.45,7,0.01,5.71,0.67,1.46,232.49,0.89,False,18.77
23.2,5.2,0.2,5,0.19,3.23,1.16,3.88,42.53,0.25,False,98.52
22.33,17.74,0.4,5,0.18,6.77,0.47,1.23,10.24,1.26,False,147.08
24.3,9.07,0.07,8,0.07,4.43,0.95,2.07,326.37,0.53,False,59.37
27.1,10.27,0.37,1,0.0,7.0,0.51,1.15,338.78,1.3,False,16.35
21.1,6.47,0.19,0,0.11,5.13,1.02,1.47,230.39,0.71,False,259.14
24.4,12.79,0.34,6,0.05,4.89,1.04,1.62,301.63,0.64,False,56.69
20.9,20.02,0.48,0,0.03,5.15,0.56,1.8,164.49,0.77,True,284.15
21.1,6.47,0.19,0,0.11,5.13,1.02,1.47,12.74,0.71,False,259.14
21.3,8.86,0.47,1,0.0,5.17,0.72,1.71,221.51,0.74,True,236.34
19.1,14.81,0.29,0,0.03,3.66,1.02,2.99,203.6,0.35,True,650.94
28.0,2.21,0.01,3,0.01,5.85,1.0,1.1,358.72,0.91,False,10.8
26.5,8.1,0.02,4,0.02,3.44,1.02,3.42,116.06,0.3,False,21.55
20.7,13.65,0.22,1,0.02,4.31,0.98,2.15,77.08,0.5,True,311.56
25.4,9.7,0.21,5,0.08,6.14,0.85,1.12,275.45,1.01,False,35.77
21.3,8.86,0.47,1,0.0,5.17,0.72,1.71,9.05,0.74,True,236.34
19.9,19.06,0.41,0,0.1,4.31,1.02,2.1,101.28,0.51,False,450.34
21.0,8.16,0.07,0,0.04,5.0,0.93,1.64,32.57,0.68,True,271.36
19.4,18.56,0.21,1,0.01,3.84,0.82,2.81,301.54,0.4,True,566.95
22.8,7.33,0.08,3,0.02,5.04,0.96,1.6,40.78,0.68,False,118.45
21.0,22.94,0.13,1,0.12,3.49,0.54,3.38,228.75,0.36,False,271.36
26.1,5.31,0.1,7,0.05,5.74,0.99,1.16,240.99,0.89,False,25.91
22.0,7.0,0.17,8,0.14,3.73,1.14,2.83,22.14,0.35,False,171.22
19.9,14.95,0.44,1,0.06,5.52,0.92,1.33,272.25,0.83,False,450.34
19.8,9.33,0.09,3,0.05,4.01,0.89,2.57,334.31,0.43,True,471.57
29.4,8.74,0.3,6,0.0,6.94,0.7,0.99,183.02,1.27,False,5.67
19.7,13.12,0.28,0,0.01,3.96,0.57,2.78,13.01,0.45,True,493.79
23.7,5.78,0.1,0,0.08,3.63,1.09,3.05,158.81,0.33,False,78.26
24.5,14.2,0.04,7,0.04,6.39,0.52,1.32,233.11,1.12,False,54.14
19.5,24.89,0.39,7,0.06,3.18,0.88,4.01,35.06,0.26,False,541.43
27.2,6.76,0.01,8,0.01,3.78,1.02,2.82,356.2,0.37,False,15.62
26.8,9.5,0.01,8,0.01,4.49,0.91,2.07,334.75,0.54,False,18.77
20.3,15.11,0.14,0,0.09,3.75,0.85,2.93,247.5,0.38,False,374.58
20.9,9.81,0.48,0,0.0,5.64,0.88,1.28,136.69,0.88,True,284.15
23.6,14.01,0.32,0,0.02,5.69,0.89,1.28,343.28,0.87,False,81.95
22.6,15.44,0.4,2,0.17,5.92,0.67,1.35,70.89,0.97,False,129.88
23.0,12.0,0.18,8,0.07,5.97,0.92,1.09,168.73,0.97,False,108.03
20.0,12.09,0.18,0,0.12,4.28,0.76,2.34,351.24,0.51,False,430.07
24.9,12.39,0.06,7,0.01,6.39,0.49,1.35,223.74,1.11,False,45.03
20.0,12.09,0.18,0,0.12,4.28,0.76,2.34,93.32,0.51,False,430.07
23.3,18.35,0.4,6,0.06,3.55,1.03,3.19,127.42,0.32,False,94.09
18.8,18.76,0.27,0,0.27,4.59,0.69,2.08,237.04,0.61,False,747.38
24.6,18.97,0.47,6,0.0,6.16,0.81,1.15,49.99,1.02,False,51.71
21.1,28.88,0.46,8,0.05,5.3,0.67,1.62,312.08,0.8,True,259.14
27.8,9.88,0.0,6,0.0,3.64,0.96,3.07,164.56,0.34,False,11.85
28.1,7.21,0.23,4,0.01,6.19,0.78,1.17,171.26,1.03,False,10.32
20.4,12.19,0.36,0,0.08,4.22,0.98,2.23,10.95,0.49,False,357.72
22.0,7.77,0.42,1,0.05,5.13,1.03,1.46,161.85,0.71,False,171.22
23.3,10.87,0.08,4,0.03,6.63,0.5,1.27,309.49,1.19,False,94.09
23.0,5.1,0.06,5,0.01,5.29,0.91,1.47,57.17,0.75,False,108.03
20.2,25.0,0.31,0,0.03,5.56,0.59,1.59,310.18,0.87,True,392.23
24.6,14.08,0.25,7,0.0,6.32,0.71,1.17,288.87,1.08,False,51.71
20.1,18.18,0.35,1,0.14,3.76,0.67,2.98,252.61,0.4,False,410.72
21.2,4.09,0.37,6,0.28,3.33,1.3,3.6,24.06,0.26,False,247.48
19.7,6.73,0.24,0,0.0,6.47,0.75,1.1,215.54,1.11,True,493.79
18.9,19.12,0.44,0,0.24,5.28,0.73,1.59,171.62,0.79,False,713.74
19.0,21.06,0.34,0,0.15,4.38,0.8,2.22,61.92,0.53,False,681.62
18.8,5.54,0.46,0,0.21,3.44,1.21,3.37,61.36,0.28,False,747.38
22.0,4.19,0.32,0,0.01,5.0,0.92,1.65,236.05,0.68,False,171.22
26.3,8.89,0.25,7,0.0,5.55,0.68,1.53,176.51,0.85,False,23.63
26.7,8.76,0.03,8,0.03,4.02,1.01,2.48,349.73,0.43,False,19.66
21.7,9.69,0.05,0,0.04,4.86,0.83,1.82,290.69,0.65,True,196.58
24.9,14.38,0.4,4,0.0,5.83,0.95,1.15,3.56,0.91,False,45.03
20.6,10.2,0.14,5,0.14,3.3,1.06,3.65,43.48,0.27,False,326.24
27.9,23.16,0.48,3,0.0,7.32,0.5,1.08,236.72,1.41,False,11.31
22.8,8.69,0.1,6,0.05,3.57,1.07,3.13,123.72,0.32,False,118.45
23.1,28.55,0.03,8,0.02,3.15,0.37,3.91,343.86,0.32,False,103.17
21.0,13.86,0.08,0,0.01,3.52,0.78,3.32,131.7,0.34,True,271.36
23.1,11.18,0.14,6,0.0,4.92,0.99,1.62,294.81,0.66,False,103.17
24.6,8.23,0.06,6,0.03,5.84,0.99,1.1,67.94,0.92,False,51.71
25.3,8.81,0.04,8,0.04,6.14,0.71,1.24,260.34,1.02,False,37.46
24.1,14.87,0.49,1,0.01,5.99,1.01,1.02,204.63,0.96,False,65.09
19.7,16.12,0.28,0,0.11,6.92,0.25,1.39,297.61,1.33,False,493.79
21.5,9.75,0.09,0,0.06,5.14,0.84,1.61,47.92,0.73,False,215.55
22.1,4.54,0.08,2,0.05,5.91,0.86,1.21,224.95,0.94,False,163.51
19.8,13.1,0.44,2,0.12,5.06,0.7,1.76,8.95,0.73,False,471.57
22.9,9.95,0.38,1,0.17,4.27,0.98,2.16,69.28,0.5,False,113.12
24.1,7.97,0.39,6,0.01,5.65,0.78,1.4,15.89,0.86,False,65.09
27.4,6.83,0.46,6,0.01,5.04,0.99,1.56,178.6,0.68,False,14.24
21.7,9.27,0.26,2,0.05,5.16,0.93,1.51,286.45,0.73,False,196.58
24.3,6.04,0.16,0,0.09,4.3,1.09,2.1,8.46,0.49,False,59.37
20.5,27.42,0.47,1,0.17,5.57,0.7,1.44,298.78,0.89,False,341.62
21.3,12.29,0.29,1,0.0,5.17,0.72,1.71,221.51,0.74,True,236.34
23.0,1.64,0.2,0,0.2,4.35,1.21,1.97,10.03,0.49,False,108.03
21.3,12.29,0.29,1,0.0,5.17,0.72,1.71,9.05,0.74,True,236.34
26.5,9.36,0.03,8,0.02,4.12,0.96,2.4,19.05,0.45,False,21.55
22.7,10.27,0.16,7,0.01,3.84,0.87,2.81,223.44,0.4,False,124.03
23.7,9.29,0.23,0,0.01,5.8,0.97,1.15,306.14,0.9,False,78.26
26.0,4.66,0.04,7,0.04,5.5,1.01,1.26,79.68,0.81,False,27.14
25.3,13.17,0.31,8,0.03,6.16,0.72,1.21,263.85,1.04,False,37.46
26.0,11.24,0.21,6,0.01,6.0,0.96,1.06,275.06,0.97,False,27.14
22.0,14.32,0.15,9,0.1,3.24,1.0,3.83,15.66,0.26,False,171.22
20.4,5.66,0.28,1,0.03,6.87,0.69,1.02,182.79,1.25,True,357.72
21.7,12.14,0.24,6,0.23,5.1,1.21,1.26,233.25,0.72,False,196.58
25.1,15.42,0.5,4,0.03,5.84,0.99,1.11,195.6,0.91,False,41.07
23.1,7.34,0.37,7,0.19,5.04,1.07,1.48,176.21,0.68,False,103.17
25.1,6.39,0.36,6,0.0,5.2,0.9,1.54,95.29,0.73,False,41.07
28.15,16.82,0.43,4,0.0,5.92,0.88,1.18,224.38,0.94,False,10.08
20.4,5.66,0.28,1,0.03,6.87,0.69,1.02,71.98,1.25,True,357.72
22.7,15.61,0.31,0,0.07,3.57,1.02,3.16,120.82,0.33,False,124.03
21.2,10.42,0.03,0,0.0,3.85,0.94,2.77,217.79,0.39,True,247.48
20.1,8.62,0.09,0,0.0,3.88,1.01,2.68,216.07,0.39,True,410.72
21.8,8.72,0.12,6,0.12,3.44,1.12,3.34,71.44,0.3,False,187.73
21.8,7.43,0.13,2,0.02,4.65,0.89,1.93,145.14,0.59,True,187.73
30.4,3.96,0.12,4,0.0,6.22,0.84,1.1,70.6,1.03,False,3.58
24.4,18.48,0.04,7,0.03,6.9,0.52,1.13,343.94,1.31,False,56.69
26.8,5.14,0.27,8,0.02,5.08,0.97,1.55,327.42,0.7,False,18.77
25.1,8.55,0.08,8,0.08,4.64,1.05,1.8,22.74,0.58,False,41.07
18.8,18.74,0.41,0,0.22,4.86,1.22,1.33,135.96,0.68,False,747.38
22.9,13.03,0.03,4,0.0,4.41,0.81,2.19,25.18,0.53,False,113.12
18.8,18.74,0.41,1,0.23,4.86,1.22,1.33,48.98,0.68,False,747.38
25.3,9.48,0.02,7,0.01,3.66,0.95,3.03,132.11,0.35,False,37.46
18.6,7.38,0.19,0,0.19,4.4,1.08,1.99,355.8,0.52,False,819.49
19.6,4.47,0.5,0,0.27,4.24,1.24,2.06,253.52,0.46,False,517.06
19.6,20.88,0.26,2,0.06,6.21,0.64,1.26,8.59,1.06,False,517.06
27.6,7.21,0.37,3,0.0,7.54,0.49,1.03,22.86,1.49,False,12.99
27.3,8.62,0.42,8,0.01,5.63,0.78,1.41,298.46,0.86,False,14.91
24.8,5.79,0.05,7,0.03,6.92,0.62,1.08,233.4,1.27,False,47.16
20.1,18.94,0.32,2,0.03,4.42,0.93,1.97,97.42,0.56,True,410.72
24.8,6.0,0.03,7,0.02,5.22,0.91,1.51,5.52,0.74,False,47.16
26.0,5.46,0.17,8,0.04,4.89,0.93,1.71,32.71,0.65,False,27.14
20.8,9.51,0.29,2,0.09,6.28,0.5,1.37,18.84,1.09,False,297.54
25.4,9.89,0.06,8,0.05,3.32,1.04,3.63,356.27,0.28,False,35.77
18.7,16.14,0.24,0,0.02,4.01,0.95,2.54,261.61,0.43,True,782.6
19.4,15.37,0.19,0,0.09,4.94,0.99,1.59,271.54,0.68,False,566.95
25.6,19.17,0.35,7,0.05,6.59,0.63,1.16,123.31,1.16,False,32.62
20.3,12.79,0.32,1,0.18,4.84,1.08,1.59,204.39,0.64,False,374.58
24.5,10.83,0.04,7,0.02,5.64,0.65,1.52,107.44,0.88,False,54.14
27.0,2.79,0.03,6,0.03,4.88,1.03,1.65,179.75,0.64,False,17.12
20.6,2.27,0.42,3,0.23,4.05,1.23,2.31,262.62,0.42,False,326.24
26.1,5.69,0.05,7,0.05,5.74,0.99,1.16,240.99,0.89,False,25.91
22.8,5.31,0.13,6,0.0,5.62,0.84,1.36,160.74,0.85,False,118.45
23.7,10.35,0.28,6,0.01,5.67,0.67,1.48,148.29,0.88,False,78.26
27.04,22.6,0.42,6,0.0,5.25,0.8,1.6,28.66,0.75,False,16.84
25.6,11.06,0.03,8,0.01,3.83,0.92,2.8,15.53,0.39,False,32.62
24.9,14.45,0.29,8,0.08,5.31,1.01,1.32,53.03,0.78,False,45.03
25.5,13.18,0.37,8,0.01,6.39,0.63,1.23,93.46,1.1,False,34.16
25.0,4.21,0.04,6,0.03,4.71,1.03,1.78,118.82,0.59,False,43.01
26.3,2.5,0.09,5,0.04,6.19,0.91,1.04,28.09,1.02,False,23.63
19.7,20.94,0.46,2,0.1,4.41,1.0,2.02,14.18,0.53,False,493.79
20.9,1.88,0.25,4,0.24,3.83,1.23,2.62,155.97,0.37,False,284.15
19.3,17.45,0.32,0,0.12,3.41,1.0,3.16,82.73,0.33,False,593.67
19.5,24.18,0.18,0,0.14,3.39,0.6,3.54,315.18,0.33,False,541.43
25.5,2.66,0.05,1,0.01,6.04,0.87,1.15,170.3,0.97,False,34.16
23.6,3.34,0.07,4,0.02,5.39,0.93,1.4,349.0,0.78,False,81.95
27.9,9.27,0.0,4,0.0,4.44,0.9,2.12,42.64,0.53,False,11.31
26.2,16.61,0.01,7,0.0,4.04,0.71,2.63,297.29,0.46,False,24.75
25.3,19.72,0.41,7,0.01,3.99,0.57,2.75,278.45,0.46,False,37.46
19.5,24.18,0.18,0,0.14,3.39,0.6,3.54,87.69,0.33,False,541.43
25.5,2.66,0.05,1,0.01,6.04,0.87,1.15,200.47,0.97,False,34.16
23.9,10.09,0.4,6,0.0,6.93,0.63,1.05,21.85,1.28,False,71.37
19.8,12.53,0.2,0,0.0,4.01,0.65,2.69,291.65,0.46,True,471.57
21.6,23.3,0.19,1,0.1,6.61,0.45,1.28,335.81,1.22,False,205.85
23.9,26.54,0.49,4,0.02,6.14,0.63,1.31,286.71,1.03,False,71.37
21.8,9.52,0.36,4,0.19,5.53,0.79,1.44,324.36,0.84,False,187.73
19.4,25.55,0.37,6,0.2,3.99,0.69,2.65,253.61,0.46,False,566.95
24.0,3.74,0.19,0,0.03,5.65,0.98,1.21,25.44,0.86,False,68.16
23.8,12.94,0.37,6,0.04,4.98,1.01,1.58,192.67,0.67,False,74.74
23.2,19.97,0.27,7,0.09,7.61,0.38,1.11,46.3,1.53,False,98.52
22.3,10.44,0.32,0,0.01,6.24,0.59,1.32,32.52,1.06,False,149.12
24.4,14.0,0.3,2,0.0,5.93,0.87,1.18,270.76,0.94,False,56.69
23.1,6.72,0.2,7,0.03,6.28,0.69,1.22,138.57,1.06,False,103.17
24.8,11.24,0.05,9,0.02,3.2,0.95,3.96,9.1,0.26,False,47.16
23.0,13.96,0.23,8,0.07,5.97,0.92,1.09,168.73,0.97,False,108.03
26.2,11.77,0.28,7,0.02,6.33,0.84,1.06,278.48,1.07,False,24.75
21.2,3.98,0.23,5,0.23,4.37,1.11,2.01,336.12,0.51,False,247.48
25.2,12.37,0.29,6,0.01,6.89,0.47,1.21,96.61,1.29,False,39.22
20.5,16.34,0.47,0,0.0,4.6,0.29,2.33,212.11,0.66,True,341.62
22.2,5.11,0.21,5,0.2,3.22,1.18,3.91,326.15,0.24,False,156.15
21.2,15.87,0.24,1,0.0,6.22,0.74,1.19,194.21,1.04,True,247.48
24.7,13.34,0.26,5,0.01,4.33,0.99,2.15,332.24,0.5,False,49.38
28.0,8.99,0.12,6,0.0,5.99,0.6,1.41,186.86,0.98,False,10.8
21.2,15.87,0.24,1,0.0,6.22,0.74,1.19,42.54,1.04,True,247.48
20.3,15.35,0.37,0,0.19,3.92,1.0,2.45,191.37,0.44,False,374.58
21.7,5.34,0.32,1,0.18,4.99,1.15,1.44,108.65,0.67,False,196.58
27.0,4.96,0.2,6,0.01,5.95,0.87,1.18,346.57,0.95,False,17.12
22.8,6.54,0.06,5,0.06,4.01,0.98,2.52,201.23,0.43,False,118.45
23.9,8.1,0.1,8,0.05,5.17,0.91,1.53,315.14,0.73,False,71.37
27.4,8.31,0.0,4,0.0,4.67,0.89,1.92,46.96,0.59,False,14.24
26.2,19.25,0.48,7,0.02,6.28,0.82,1.1,43.37,1.05,False,24.75
21.8,5.34,0.32,1,0.18,4.99,1.15,1.44,241.99,0.67,False,187.73
26.7,12.92,0.23,6,0.0,4.89,0.94,1.71,119.73,0.64,False,19.66
23.0,15.14,0.05,8,0.05,3.64,0.78,3.12,343.46,0.36,False,108.03
22.4,6.79,0.22,8,0.18,4.1,1.03,2.36,34.14,0.45,False,142.41
19.1,23.7,0.45,0,0.14,4.56,0.91,1.95,73.36,0.58,False,650.94
19.7,16.34,0.36,0,0.27,3.35,1.1,3.49,9.26,0.28,False,493.79
26.9,17.12,0.39,7,0.01,4.28,1.0,2.2,300.96,0.49,False,17.93
20.4,7.64,0.14,1,0.03,6.87,0.69,1.02,182.79,1.25,True,357.72
21.6,9.81,0.41,1,0.03,5.15,0.97,1.48,135.14,0.73,True,205.85
22.3,8.71,0.1,3,0.08,5.85,0.82,1.27,208.92,0.92,False,149.12
22.8,28.55,0.23,8,0.13,5.03,0.27,2.08,312.61,0.78,False,118.45
20.4,7.64,0.14,1,0.03,6.87,0.69,1.02,71.98,1.25,True,357.72
23.8,9.75,0.14,9,0.14,3.62,1.12,2.96,4.75,0.34,False,74.74
27.0,5.56,0.26,7,0.03,5.41,0.94,1.38,229.72,0.79,False,17.12
22.7,9.19,0.28,5,0.08,4.49,1.06,1.94,347.97,0.54,False,124.03
25.3,13.98,0.25,8,0.01,5.86,0.87,1.18,288.46,0.95,False,37.46
27.4,5.73,0.29,6,0.0,5.5,0.9,1.36,112.63,0.82,False,14.24
25.0,7.25,0.01,6,0.0,6.13,0.89,1.08,335.44,1.01,False,43.01
20.6,22.12,0.43,1,0.04,7.47,0.5,1.04,199.01,1.46,True,326.24
20.9,17.26,0.29,1,0.08,6.79,0.52,1.2,258.63,1.24,False,284.15
19.1,19.05,0.44,0,0.01,3.2,0.43,3.85,57.78,0.31,True,650.94
28.5,6.77,0.45,6,0.0,4.83,0.83,1.83,52.51,0.64,False,8.58
26.5,7.43,0.01,7,0.01,5.55,0.85,1.39,316.33,0.83,False,21.55
24.7,6.75,0.04,7,0.01,5.27,0.92,1.48,293.06,0.75,False,49.38
21.7,1.8,0.31,3,0.28,4.1,1.26,2.22,187.58,0.43,False,196.58
23.1,15.41,0.05,8,0.02,3.8,0.79,2.89,336.87,0.39,False,103.17
26.3,5.62,0.05,8,0.04,3.91,1.03,2.63,354.92,0.4,False,23.63
19.8,7.57,0.25,0,0.1,4.61,0.92,1.92,0.7,0.58,False,471.57
23.9,16.39,0.22,7,0.03,5.98,0.81,1.2,260.46,0.98,False,71.37
25.4,9.32,0.01,7,0.01,5.46,0.76,1.51,24.48,0.81,False,35.77
26.0,21.56,0.34,1,0.01,3.6,0.88,3.16,98.26,0.34,False,27.14
19.2,10.25,0.35,0,0.01,5.54,0.5,1.68,108.49,0.86,True,621.65
20.3,5.6,0.48,0,0.04,4.48,1.01,1.99,271.09,0.54,True,374.58
19.3,26.33,0.12,0,0.03,5.51,0.86,1.25,19.87,0.91,True,593.67
23.0,19.8,0.04,7,0.04,4.1,0.57,2.62,295.03,0.49,False,108.03
23.0,18.45,0.34,6,0.06,7.3,0.5,1.06,182.48,1.43,False,108.03
21.8,16.64,0.42,7,0.03,5.42,0.91,1.38,3.45,0.8,True,187.73
19.36,15.57,0.11,5,0.11,4.85,0.86,1.74,120.33,0.66,False,577.75
25.06,7.1,0.11,6,0.04,5.99,0.9,1.13,94.81,0.96,False,41.82
18.9,16.26,0.35,0,0.17,6.53,0.44,1.33,236.34,1.19,False,713.74
19.1,18.86,0.24,0,0.12,3.48,0.84,3.36,65.06,0.32,False,650.94
19.5,16.49,0.46,1,0.28,4.08,1.1,2.16,200.73,0.47,False,541.43
21.6,13.87,0.34,0,0.01,5.48,0.98,1.28,323.05,0.82,True,205.85
19.5,23.5,0.19,0,0.04,3.33,0.95,3.26,53.14,0.32,True,541.43
24.9,20.63,0.19,8,0.04,4.19,0.98,2.16,344.53,0.5,False,45.03
24.2,3.93,0.08,6,0.04,5.12,0.96,1.54,183.18,0.71,False,62.16
20.7,17.43,0.27,1,0.12,3.84,0.59,2.82,178.5,0.44,False,311.56
25.0,8.65,0.02,5,0.0,3.94,0.92,2.64,179.03,0.41,False,43.01
24.9,4.94,0.22,6,0.02,5.78,0.93,1.2,289.65,0.9,False,45.03
25.4,11.69,0.01,7,0.01,3.66,0.9,3.06,76.56,0.35,False,35.77
25.3,12.31,0.07,9,0.05,3.22,0.96,3.91,351.51,0.26,False,37.46
25.1,12.53,0.15,9,0.14,4.77,0.99,1.7,45.49,0.63,False,41.07
27.7,16.7,0.35,7,0.02,4.33,0.98,2.14,297.09,0.51,False,12.4
20.8,9.46,0.39,0,0.09,4.92,0.98,1.63,204.65,0.66,False,297.54
20.9,8.55,0.26,0,0.11,5.17,1.03,1.42,285.43,0.73,False,284.15
20.6,28.08,0.41,1,0.03,3.88,0.75,2.81,148.7,0.42,True,326.24
26.1,10.72,0.12,7,0.02,4.31,0.98,2.18,254.32,0.5,False,25.91
20.3,10.6,0.15,2,0.04,7.61,0.55,0.96,296.46,1.51,True,374.58
21.2,11.5,0.45,1,0.12,5.82,0.51,1.53,161.0,0.96,False,247.48
26.3,6.84,0.14,3,0.02,6.27,0.84,1.07,292.6,1.05,False,23.63
23.3,22.86,0.4,7,0.12,4.24,0.98,2.14,301.06,0.51,False,94.09
21.6,20.18,0.27,5,0.18,5.85,0.82,1.22,120.98,0.96,False,205.85
22.4,5.85,0.22,8,0.18,4.1,1.03,2.36,34.14,0.45,False,142.41
26.5,7.77,0.05,9,0.04,3.5,1.01,3.31,16.02,0.31,False,21.55
25.6,10.65,0.16,9,0.13,3.64,0.91,3.04,26.25,0.36,False,32.62
25.41,13.81,0.09,8,0.06,4.84,1.03,1.6,19.07,0.65,False,35.56
26.5,13.75,0.16,8,0.05,6.04,0.93,1.06,218.68,1.0,False,21.55
21.5,8.38,0.27,2,0.15,5.25,1.14,1.26,77.66,0.75,False,215.55
24.3,12.32,0.23,7,0.03,5.87,0.79,1.25,208.63,0.95,False,59.37
25.5,4.72,0.14,9,0.13,4.47,1.12,1.91,20.13,0.53,False,34.16
23.5,15.83,0.31,8,0.1,5.26,1.05,1.3,45.47,0.77,False,85.81
19.2,23.7,0.28,0,0.22,4.63,1.03,1.6,153.38,0.65,False,621.65
18.6,14.34,0.19,1,0.03,6.4,0.74,1.11,1.91,1.11,True,819.49
22.2,10.28,0.37,0,0.04,5.34,0.98,1.35,111.67,0.78,False,156.15
24.7,5.39,0.08,6,0.08,4.36,1.02,2.1,261.67,0.51,False,49.38
26.9,9.85,0.43,8,0.01,5.85,0.65,1.42,67.8,0.94,False,17.93
24.5,6.83,0.04,6,0.03,3.64,1.03,3.05,62.81,0.34,False,54.14
28.5,7.7,0.02,9,0.02,5.09,0.89,1.62,43.32,0.7,False,8.58
24.3,23.33,0.42,7,0.01,5.77,0.74,1.35,109.77,0.92,False,59.37
18.8,14.37,0.32,3,0.26,3.29,0.98,3.53,343.42,0.29,False,747.38
25.5,8.34,0.1,7,0.01,4.3,1.02,2.17,234.99,0.49,False,34.16
26.1,5.65,0.05,8,0.05,3.99,1.05,2.51,3.73,0.42,False,25.91
19.5,10.22,0.1,0,0.08,3.57,1.03,3.15,34.24,0.33,False,541.43
24.8,15.21,0.26,7,0.01,7.06,0.49,1.15,99.87,1.33,False,47.16
22.3,7.22,0.44,2,0.17,4.84,1.14,1.57,307.32,0.63,False,149.12
22.9,11.24,0.24,9,0.2,5.94,0.68,1.34,122.76,0.97,False,113.12
25.4,6.3,0.1,5,0.08,6.14,0.85,1.12,275.45,1.01,False,35.77
25.8,5.94,0.05,8,0.05,3.72,1.06,2.9,359.4,0.35,False,29.75
26.6,14.52,0.02,9,0.01,3.21,0.87,3.93,347.73,0.27,False,20.58
26.5,6.33,0.05,9,0.04,4.32,1.02,2.14,345.15,0.5,False,21.55
21.9,10.87,0.2,1,0.03,6.06,0.82,1.16,248.51,1.0,True,179.28
21.5,5.73,0.21,1,0.15,5.31,1.09,1.29,291.14,0.76,False,215.55
22.7,6.21,0.19,6,0.18,3.84,1.19,2.61,93.82,0.38,False,124.03
24.18,4.26,0.12,0,0.03,6.06,0.9,1.11,297.53,0.98,False,62.65
20.1,27.27,0.49,0,0.13,3.84,0.94,2.29,177.93,0.48,False,410.72
24.2,4.26,0.12,0,0.03,6.06,0.9,1.11,331.49,0.98,False,62.16
23.2,7.0,0.28,9,0.27,4.14,1.22,2.16,332.6,0.45,False,98.52
26.4,9.71,0.1,9,0.09,5.07,0.98,1.53,305.39,0.7,False,22.57
20.1,14.04,0.15,0,0.01,4.26,0.62,2.45,238.12,0.52,True,410.72
22.8,11.43,0.4,6,0.04,7.2,0.53,1.08,247.83,1.36,False,118.45
21.0,11.24,0.16,1,0.15,4.38,0.92,2.11,309.33,0.53,False,271.36
30.0,4.51,0.35,6,0.0,4.97,0.95,1.65,139.88,0.67,False,4.3
25.48,14.68,0.42,6,0.04,4.9,1.05,1.61,43.18,0.64,False,34.51
25.4,8.93,0.1,9,0.01,5.68,0.93,1.23,253.89,0.88,False,35.77
23.3,4.97,0.22,8,0.11,4.78,1.0,1.73,52.25,0.62,False,94.09
25.1,9.32,0.39,9,0.1,4.36,0.95,2.1,31.71,0.52,False,41.07
19.0,12.83,0.28,0,0.02,3.98,0.73,2.68,161.53,0.44,True,681.62
26.0,12.38,0.21,7,0.02,7.15,0.57,1.05,54.94,1.34,False,27.14
25.8,6.05,0.17,6,0.02,5.79,0.81,1.31,333.49,0.9,False,29.75
20.2,14.02,0.43,0,0.02,6.68,0.52,1.24,309.93,1.2,True,392.23
19.4,17.29,0.49,0,0.08,6.47,0.55,1.26,286.57,1.14,False,566.95
29.0,12.71,0.11,6,0.0,4.18,0.71,2.48,194.22,0.49,False,6.82
19.3,14.41,0.14,0,0.13,4.76,0.84,1.84,154.45,0.63,False,593.67
18.9,14.05,0.01,1,0.01,6.82,0.63,1.07,281.97,1.26,True,713.74
19.3,14.41,0.14,0,0.13,4.76,0.84,1.84,47.82,0.63,False,593.67
22.2,2.66,0.11,1,0.1,4.7,1.1,1.73,337.33,0.59,False,156.15
20.7,7.13,0.3,0,0.09,5.18,0.94,1.5,62.91,0.73,False,311.56
19.6,16.63,0.45,0,0.14,4.6,1.03,1.75,48.25,0.6,False,517.06
23.9,7.56,0.25,8,0.05,5.17,0.91,1.53,315.14,0.73,False,71.37
23.4,15.73,0.47,0,0.01,7.32,0.49,1.08,242.3,1.41,False,89.86
26.34,10.58,0.16,5,0.0,3.59,0.92,3.15,42.49,0.34,False,23.15
20.6,14.24,0.3,0,0.01,4.19,0.71,2.48,207.99,0.49,True,326.24
19.1,3.65,0.21,0,0.19,3.61,1.2,3.03,11.98,0.32,False,650.94
19.8,8.05,0.23,0,0.1,4.61,0.92,1.92,0.7,0.58,False,471.57
24.7,6.2,0.25,3,0.0,6.2,0.64,1.29,80.24,1.04,False,49.38
24.1,14.1,0.37,7,0.02,6.19,0.87,1.08,16.48,1.02,False,65.09
26.0,5.03,0.02,6,0.02,5.84,1.02,1.08,47.98,0.92,False,27.14
24.0,11.57,0.07,8,0.06,5.19,1.08,1.34,1.5,0.74,False,68.16
27.1,16.2,0.0,8,0.0,5.13,0.59,1.83,45.81,0.74,False,16.35
23.9,13.86,0.21,1,0.05,6.3,0.57,1.31,255.19,1.08,False,71.37
25.8,9.16,0.19,7,0.01,4.99,0.96,1.62,94.8,0.67,False,29.75
23.8,13.07,0.1,8,0.08,4.05,0.96,2.41,334.15,0.45,False,74.74
20.9,15.0,0.45,0,0.05,5.28,1.05,1.35,130.17,0.75,True,284.15
22.4,15.22,0.45,0,0.03,6.23,0.48,1.41,178.22,1.07,False,142.41
23.9,11.71,0.14,7,0.02,4.36,0.95,2.15,207.33,0.51,False,71.37
25.1,14.5,0.38,7,0.04,4.22,1.04,2.21,183.01,0.48,False,41.07
20.4,25.83,0.32,5,0.03,3.56,0.75,3.25,59.0,0.35,True,357.72
25.97,13.89,0.01,9,0.0,3.42,0.85,3.49,15.47,0.31,False,27.55
21.6,14.62,0.29,1,0.03,5.15,0.97,1.48,135.14,0.73,True,205.85
23.6,12.06,0.25,6,0.1,6.06,0.86,1.12,300.37,1.0,False,81.95
20.8,7.84,0.32,5,0.17,3.4,1.18,3.45,322.08,0.28,False,297.54
22.76,8.15,0.13,7,0.01,4.93,1.03,1.59,32.54,0.66,False,120.77
20.7,7.31,0.29,0,0.0,5.91,0.66,1.39,134.87,0.95,True,311.56
20.1,21.28,0.39,3,0.28,5.12,0.72,1.68,159.64,0.75,False,410.72
25.4,4.61,0.13,5,0.03,6.19,0.9,1.05,61.31,1.02,False,35.77
24.1,11.5,0.35,1,0.01,5.99,1.01,1.02,204.63,0.96,False,65.09
25.3,17.05,0.35,1,0.0,6.69,0.66,1.1,352.09,1.19,False,37.46
22.2,10.78,0.35,0,0.07,4.89,1.0,1.61,149.83,0.66,False,156.15
22.7,17.1,0.33,1,0.1,6.51,0.66,1.14,236.41,1.15,False,124.03
21.3,22.15,0.18,1,0.0,3.58,0.72,3.24,20.4,0.35,True,236.34
24.4,18.13,0.14,7,0.07,7.35,0.36,1.19,280.12,1.45,False,56.69
28.0,13.97,0.44,3,0.01,5.85,1.0,1.1,358.72,0.91,False,10.8
26.0,19.32,0.49,8,0.0,6.46,0.52,1.3,90.15,1.13,False,27.14
23.4,3.1,0.24,9,0.24,3.59,1.23,3.05,5.66,0.32,False,89.86
22.6,10.45,0.44,9,0.18,3.94,1.04,2.46,29.46,0.43,False,129.88
22.7,21.6,0.49,0,0.0,6.06,0.77,1.23,253.03,0.99,False,124.03
20.7,22.65,0.31,0,0.11,4.16,0.77,2.46,197.72,0.48,False,311.56
22.8,21.82,0.36,7,0.12,6.81,0.48,1.22,35.69,1.25,False,118.45
27.1,4.59,0.24,6,0.0,6.88,0.64,1.06,244.29,1.25,False,16.35
24.5,7.65,0.11,9,0.11,3.38,1.09,3.52,349.28,0.28,False,54.14
22.4,3.71,0.25,8,0.25,3.58,1.24,3.04,8.26,0.31,False,142.41
24.1,3.91,0.19,8,0.17,3.61,1.17,3.03,10.42,0.32,False,65.09
21.2,13.73,0.38,0,0.19,6.41,0.61,1.24,126.07,1.11,False,247.48
26.5,16.2,0.4,8,0.05,6.04,0.93,1.06,218.68,1.0,False,21.55
21.8,8.1,0.39,4,0.19,5.53,0.79,1.44,324.36,0.84,False,187.73
21.0,21.86,0.5,1,0.05,3.99,0.46,2.77,182.63,0.48,True,271.36
24.4,4.0,0.16,8,0.15,4.32,1.16,2.03,345.55,0.49,False,56.69
21.3,20.04,0.07,0,0.02,5.24,0.48,1.81,201.73,0.8,True,236.34
22.6,17.46,0.27,8,0.05,6.54,0.53,1.22,252.97,1.2,False,129.88
27.0,4.87,0.18,7,0.01,6.42,0.78,1.08,74.64,1.1,False,17.12
23.5,3.85,0.12,4,0.12,4.86,1.1,1.58,318.02,0.63,False,85.81
24.9,6.06,0.07,6,0.07,3.42,1.08,3.44,315.37,0.29,False,45.03
27.3,7.41,0.01,7,0.01,4.87,0.91,1.75,313.23,0.64,False,14.91
23.0,3.72,0.18,6,0.18,3.81,1.18,2.69,34.6,0.37,False,108.03
23.7,9.53,0.08,6,0.05,3.25,1.05,3.85,283.52,0.26,False,78.26
25.3,6.42,0.1,8,0.1,3.22,1.1,3.91,1.07,0.25,False,37.46
22.0,16.99,0.27,9,0.26,5.36,0.72,1.56,154.13,0.81,False,171.22
21.0,22.78,0.39,0,0.07,5.77,0.65,1.45,214.45,0.91,False,271.36
21.8,6.94,0.1,5,0.09,3.4,1.08,3.48,307.29,0.29,False,187.73
23.7,3.84,0.1,4,0.1,5.11,1.09,1.42,25.01,0.7,False,78.26
25.3,10.83,0.04,8,0.03,5.09,1.03,1.46,346.64,0.71,False,37.46
25.5,4.17,0.06,7,0.06,5.52,1.0,1.27,214.18,0.82,False,34.16
24.2,21.4,0.33,8,0.07,5.63,0.67,1.4,278.34,0.94,False,62.16
23.58,25.08,0.38,5,0.0,4.05,0.77,2.58,110.61,0.45,False,82.78
25.5,7.19,0.06,8,0.06,4.08,1.05,2.38,351.87,0.44,False,34.16
26.4,7.53,0.03,8,0.03,3.26,1.03,3.82,356.93,0.26,False,22.57
27.2,8.81,0.01,7,0.01,3.42,1.01,3.45,318.9,0.3,False,15.62
26.3,12.21,0.01,7,0.0,3.27,0.91,3.79,303.06,0.27,False,23.63
20.0,13.05,0.42,0,0.16,4.28,1.08,2.13,154.77,0.48,False,430.07
19.6,15.05,0.43,0,0.01,5.16,0.6,1.79,108.05,0.76,True,517.06
22.5,14.4,0.38,1,0.04,6.03,0.53,1.45,334.88,1.0,False,136.0
25.1,26.77,0.49,7,0.01,6.04,0.63,1.35,296.66,1.0,False,41.07
27.3,9.8,0.14,5,0.0,6.24,0.63,1.28,148.64,1.05,False,14.91
28.15,8.63,0.16,4,0.0,5.92,0.88,1.18,224.38,0.94,False,10.08
23.7,17.55,0.04,8,0.02,3.65,0.75,3.12,20.28,0.37,False,78.26
24.5,6.54,0.04,7,0.04,3.38,1.03,3.54,300.21,0.28,False,54.14
25.5,7.66,0.04,9,0.04,3.94,1.01,2.6,13.85,0.41,False,34.16
20.5,16.72,0.24,0,0.08,5.9,0.65,1.34,319.21,0.99,False,341.62
19.0,21.42,0.48,0,0.02,4.05,0.49,2.66,177.68,0.5,True,681.62
22.7,5.93,0.23,2,0.02,5.94,0.79,1.26,126.19,0.95,False,124.03
21.4,7.89,0.14,4,0.03,4.75,0.86,1.88,294.29,0.61,True,225.71
22.7,5.93,0.23,2,0.02,5.93,0.79,1.26,145.7,0.95,False,124.03
29.1,14.5,0.05,7,0.0,4.27,0.77,2.36,140.56,0.5,False,6.51
22.0,9.82,0.38,2,0.25,4.86,1.21,1.46,221.92,0.64,False,171.22
24.5,6.32,0.08,7,0.08,4.0,1.06,2.48,76.27,0.42,False,54.14
24.8,7.33,0.03,7,0.02,3.26,1.02,3.82,274.89,0.26,False,47.16
26.3,12.77,0.03,9,0.02,3.7,0.88,3.0,18.13,0.36,False,23.63
24.4,15.63,0.26,5,0.0,6.14,0.71,1.25,282.7,1.02,False,56.69
23.1,15.79,0.26,5,0.02,3.19,1.0,4.0,256.15,0.25,False,103.17
24.0,12.92,0.08,7,0.03,4.28,0.9,2.26,185.07,0.5,False,68.16
23.1,12.65,0.22,0,0.2,4.88,1.03,1.59,21.29,0.66,False,103.17
26.0,10.68,0.02,8,0.01,4.28,0.83,2.31,334.86,0.5,False,27.14
24.9,12.22,0.02,8,0.02,3.15,1.02,3.97,0.19,0.25,False,45.03
25.8,13.17,0.03,8,0.02,3.66,0.91,3.03,15.2,0.36,False,29.75
19.4,19.29,0.3,0,0.02,7.4,0.48,1.07,330.63,1.44,True,566.95
25.3,12.87,0.36,6,0.02,6.1,0.94,1.04,338.22,1.0,False,37.46
22.3,6.4,0.03,0,0.02,3.99,0.98,2.55,74.49,0.42,False,149.12
26.2,5.71,0.02,7,0.02,4.2,1.0,2.29,123.39,0.47,False,24.75
24.5,3.91,0.03,5,0.0,6.62,0.75,1.04,271.4,1.16,False,54.14
27.1,6.2,0.01,7,0.01,5.37,0.93,1.42,132.58,0.78,False,16.35
24.8,13.93,0.01,6,0.0,5.24,0.67,1.69,126.41,0.76,False,47.16
22.2,8.73,0.07,6,0.04,3.9,0.91,2.71,70.48,0.4,False,156.15
23.73,17.6,0.35,7,0.07,5.78,0.79,1.33,168.24,0.9,False,77.08
23.4,11.61,0.04,8,0.03,4.5,0.84,2.09,327.37,0.56,False,89.86
23.6,13.48,0.43,8,0.18,4.81,1.07,1.6,42.5,0.64,False,81.95
21.8,15.58,0.34,1,0.13,6.47,0.69,1.12,238.12,1.14,False,187.73
23.2,12.55,0.21,6,0.0,5.13,0.9,1.58,339.98,0.71,False,98.52
20.7,24.34,0.13,1,0.08,6.9,0.26,1.37,225.36,1.33,False,311.56
21.8,24.02,0.21,2,0.0,6.26,0.41,1.46,97.48,1.09,True,187.73
22.8,12.34,0.25,2,0.11,6.01,0.86,1.16,10.6,0.97,False,118.45
25.2,5.22,0.18,5,0.01,6.15,0.79,1.17,131.3,1.01,False,39.22
27.0,16.26,0.17,4,0.01,4.22,0.84,2.37,119.18,0.49,False,17.12
24.2,10.01,0.07,8,0.05,3.87,0.95,2.73,341.69,0.4,False,62.16
27.1,14.65,0.0,7,0.0,3.24,0.84,3.85,289.8,0.27,False,16.35
27.4,8.78,0.01,8,0.01,4.99,0.88,1.69,35.66,0.68,False,14.24
20.8,4.94,0.31,6,0.27,3.24,1.25,3.84,245.42,0.24,False,297.54
22.1,13.57,0.07,8,0.06,3.61,0.86,3.15,23.73,0.35,False,163.51
20.3,9.59,0.12,0,0.01,3.73,0.87,2.96,21.51,0.37,True,374.58
19.5,14.12,0.21,0,0.21,6.45,0.61,1.2,261.32,1.14,False,541.43
29.0,4.54,0.16,6,0.0,6.51,0.82,1.02,44.82,1.12,False,6.82
22.2,13.77,0.1,1,0.0,6.67,0.65,1.11,241.36,1.19,True,156.15
22.0,11.17,0.13,1,0.05,7.39,0.39,1.16,177.72,1.45,False,171.22
20.3,12.19,0.25,0,0.0,4.36,0.91,2.15,196.41,0.52,True,374.58
20.9,3.04,0.26,4,0.24,3.9,1.21,2.53,25.67,0.39,False,284.15
23.0,20.56,0.37,6,0.04,7.01,0.35,1.27,224.7,1.35,False,108.03
24.3,8.07,0.04,7,0.04,3.32,1.03,3.67,277.72,0.27,False,59.37
24.2,18.36,0.08,8,0.08,3.08,1.07,3.87,0.03,0.25,False,62.16
23.8,11.46,0.11,8,0.11,5.11,1.01,1.47,42.35,0.72,False,74.74
27.3,12.41,0.0,7,0.0,3.37,0.91,3.56,308.16,0.3,False,14.91
20.3,16.31,0.45,1,0.02,7.49,0.53,1.01,51.2,1.46,True,374.58
22.1,23.04,0.48,1,0.1,6.55,0.67,1.1,142.18,1.19,False,163.51
25.1,28.81,0.46,7,0.0,4.24,0.74,2.4,127.36,0.5,False,41.07
27.0,15.74,0.43,6,0.01,6.37,0.57,1.29,48.36,1.1,False,17.12
20.7,23.74,0.49,3,0.13,3.97,0.48,2.78,116.6,0.47,False,311.56
21.6,13.06,0.41,7,0.21,4.16,1.04,2.2,92.36,0.48,False,205.85
25.5,10.66,0.28,7,0.03,6.74,0.66,1.09,188.42,1.21,False,34.16
20.6,25.3,0.18,2,0.04,6.13,0.38,1.52,52.95,1.06,True,326.24
25.0,11.15,0.04,1,0.0,6.08,0.67,1.31,5.28,1.0,False,43.01
24.8,7.57,0.05,8,0.04,3.22,1.02,3.93,353.76,0.25,False,47.16
24.8,11.07,0.03,9,0.0,4.74,0.78,1.94,322.98,0.62,False,47.16
21.3,9.42,0.16,0,0.15,4.27,1.13,2.06,129.72,0.49,False,236.34
19.3,12.75,0.46,0,0.19,4.0,1.05,2.36,292.24,0.44,False,593.67
19.2,12.75,0.46,0,0.19,4.0,1.05,2.36,109.16,0.44,False,621.65
28.8,2.99,0.13,5,0.0,5.82,0.97,1.15,33.12,0.91,False,7.47
20.9,17.83,0.42,8,0.11,6.06,0.3,1.59,87.09,1.07,False,284.15
25.3,7.05,0.04,8,0.04,3.85,0.99,2.73,348.62,0.39,False,37.46
27.5,6.42,0.01,8,0.01,4.67,0.96,1.86,19.06,0.59,False,13.6
23.6,11.75,0.05,8,0.02,4.83,0.84,1.83,40.68,0.64,False,81.95
19.9,19.52,0.45,0,0.03,6.98,0.18,1.42,196.52,1.39,True,450.34
19.6,13.47,0.22,1,0.03,7.9,0.32,1.1,17.49,1.64,True,517.06
23.4,7.89,0.22,1,0.2,4.95,1.13,1.48,270.74,0.66,False,89.86
27.5,9.06,0.38,6,0.0,5.82,0.77,1.31,91.52,0.93,False,13.6
20.5,13.07,0.22,3,0.06,4.77,0.88,1.8,225.11,0.64,False,341.62
21.5,10.77,0.05,2,0.04,6.52,0.69,1.12,143.06,1.14,True,215.55
27.2,14.89,0.43,6,0.01,5.96,0.96,1.09,179.32,0.95,False,15.62
23.8,14.72,0.26,6,0.07,3.6,1.02,3.1,320.7,0.33,False,74.74
19.3,16.71,0.12,0,0.06,6.62,0.53,1.21,223.19,1.21,False,593.67
23.0,9.27,0.05,0,0.03,7.55,0.47,1.05,240.97,1.49,False,108.03
25.3,11.69,0.24,7,0.03,6.09,0.92,1.06,252.05,1.0,False,37.46
21.5,13.06,0.07,4,0.07,5.01,0.8,1.73,355.61,0.69,False,215.55
24.2,4.44,0.2,8,0.19,3.33,1.17,3.64,3.58,0.26,False,62.16
18.7,12.74,0.38,0,0.2,4.23,1.17,2.06,100.21,0.48,False,782.6
27.0,3.86,0.07,6,0.02,5.43,1.0,1.31,37.87,0.79,False,17.12
25.9,12.3,0.12,7,0.01,6.18,0.65,1.28,214.24,1.03,False,28.41
22.2,10.82,0.34,6,0.25,4.87,1.23,1.42,235.2,0.65,False,156.15
26.5,11.61,0.12,7,0.02,6.08,0.8,1.19,169.31,1.0,False,21.55
25.0,6.71,0.26,6,0.07,5.87,0.86,1.22,333.44,0.93,False,43.01
23.2,3.95,0.48,6,0.02,4.25,0.99,2.23,150.38,0.48,False,98.52
23.4,12.95,0.19,8,0.19,4.48,1.17,1.78,6.0,0.55,False,89.86
19.8,15.05,0.13,0,0.0,3.33,0.73,3.66,279.44,0.3,True,471.57
25.7,16.47,0.29,5,0.0,7.12,0.58,1.05,302.96,1.33,False,31.16
22.2,6.6,0.03,0,0.02,6.43,0.75,1.11,79.9,1.1,True,156.15
27.9,7.87,0.43,7,0.0,5.35,0.94,1.41,209.92,0.77,False,11.31
26.3,3.54,0.06,0,0.06,4.31,1.04,2.14,114.27,0.49,False,23.63
22.5,15.51,0.31,8,0.15,5.97,0.58,1.39,96.83,1.01,False,136.0
23.2,4.01,0.14,3,0.06,5.51,0.97,1.29,134.25,0.82,False,98.52
18.8,27.02,0.14,3,0.14,2.91,1.11,3.74,248.28,0.26,False,747.38
22.3,11.5,0.31,3,0.07,6.59,0.46,1.31,206.07,1.18,False,149.12
27.6,7.71,0.0,7,0.0,4.32,0.95,2.19,133.38,0.5,False,12.99
23.6,8.35,0.0,6,0.01,3.19,0.98,3.98,244.41,0.25,False,81.95
24.4,13.64,0.06,7,0.04,5.45,0.65,1.59,131.29,0.83,False,56.69
21.5,8.94,0.06,2,0.04,7.63,0.44,1.06,250.58,1.52,True,215.55
25.1,16.34,0.41,6,0.05,4.38,1.02,2.08,143.32,0.51,False,41.07
23.8,6.66,0.14,9,0.05,5.26,0.87,1.52,266.86,0.75,False,74.74
21.7,28.55,0.48,1,0.1,7.19,0.43,1.17,161.81,1.38,False,196.58
23.3,6.23,0.36,6,0.09,4.88,1.04,1.62,179.22,0.64,False,94.09
25.5,5.19,0.18,6,0.02,6.14,0.81,1.16,42.85,1.01,False,34.16
25.0,6.66,0.12,6,0.0,6.13,0.89,1.08,335.44,1.01,False,43.01
21.5,19.74,0.31,2,0.03,5.79,0.94,1.14,142.26,0.93,True,215.55
23.1,4.86,0.16,7,0.16,3.28,1.12,3.75,244.15,0.26,False,103.17
18.7,13.78,0.22,0,0.07,7.0,0.47,1.17,13.26,1.33,False,782.6
24.3,5.94,0.16,1,0.0,6.77,0.65,1.09,203.09,1.22,False,59.37
21.6,12.75,0.35,2,0.04,5.96,0.58,1.43,187.56,0.97,True,205.85
25.4,14.51,0.01,7,0.0,7.73,0.32,1.15,291.94,1.57,False,35.77
25.5,7.99,0.02,7,0.02,4.47,1.0,1.99,139.35,0.54,False,34.16
21.5,12.75,0.35,1,0.04,5.96,0.58,1.43,217.45,0.97,True,215.55
23.7,3.8,0.16,6,0.17,3.66,1.15,2.95,311.85,0.34,False,78.26
23.6,24.3,0.08,8,0.07,5.29,1.0,1.23,303.5,0.84,False,81.95
26.1,7.52,0.02,7,0.01,3.78,0.98,2.84,352.86,0.37,False,25.91
24.5,17.05,0.05,9,0.04,5.36,0.83,1.44,62.39,0.81,False,54.14
25.6,16.44,0.41,5,0.02,6.99,0.63,1.02,108.16,1.31,False,32.62
23.4,7.8,0.09,1,0.09,3.2,1.05,3.96,234.1,0.25,False,89.86
29.2,10.18,0.2,6,0.0,7.02,0.66,1.0,249.09,1.29,False,6.22
24.5,13.0,0.33,7,0.02,5.64,0.65,1.52,107.44,0.88,False,54.14
23.5,7.22,0.02,5,0.0,3.83,0.99,2.76,354.19,0.38,False,85.81
22.3,10.43,0.37,3,0.14,5.87,0.67,1.39,19.23,0.94,False,149.12
26.4,8.52,0.01,7,0.01,3.78,0.96,2.85,341.9,0.38,False,22.57
25.7,13.6,0.01,7,0.0,4.15,0.83,2.43,62.23,0.47,False,31.16
27.2,9.42,0.02,7,0.02,5.26,0.99,1.39,328.05,0.76,False,15.62
24.0,14.79,0.02,7,0.01,6.07,0.61,1.35,155.59,1.02,False,68.16
20.2,24.16,0.4,2,0.12,4.13,0.75,2.25,186.56,0.54,False,392.23
25.6,13.05,0.37,6,0.09,4.05,1.08,2.42,30.49,0.43,False,32.62
21.2,13.87,0.31,0,0.06,5.41,0.98,1.32,322.73,0.8,False,247.48
19.5,16.26,0.34,2,0.06,7.11,0.64,0.99,179.64,1.34,False,541.43
24.4,11.54,0.06,7,0.04,6.11,0.64,1.31,143.68,1.02,False,56.69
26.1,21.89,0.48,7,0.02,6.6,0.66,1.13,77.32,1.16,False,25.91
21.0,5.85,0.3,4,0.15,3.87,1.12,2.63,1.9,0.38,False,271.36
25.8,10.61,0.0,7,0.0,4.07,0.89,2.5,63.7,0.45,False,29.75
23.0,8.61,0.49,5,0.1,4.55,0.97,1.92,212.4,0.57,False,108.03
26.6,19.87,0.43,6,0.0,6.11,0.78,1.2,120.79,1.0,False,20.58
21.0,20.35,0.16,7,0.08,3.54,0.72,3.29,299.98,0.35,False,271.36
25.6,8.61,0.02,7,0.01,4.92,0.88,1.74,208.56,0.66,False,32.62
21.1,0.34,0.28,2,0.25,4.42,1.17,1.91,123.68,0.51,False,259.14
24.3,6.78,0.08,7,0.07,4.13,1.06,2.32,41.01,0.45,False,59.37
26.2,4.92,0.06,8,0.06,4.27,1.05,2.17,8.01,0.48,False,24.75
21.5,5.58,0.3,0,0.04,5.31,0.91,1.46,238.16,0.76,True,215.55
23.8,12.08,0.06,0,0.05,7.48,0.47,1.06,203.65,1.48,False,74.74
24.6,14.33,0.32,7,0.07,6.64,0.73,1.06,228.28,1.17,False,51.71
24.6,16.65,0.48,6,0.07,4.39,1.07,2.03,95.88,0.51,False,51.71
26.8,14.2,0.01,8,0.0,4.89,0.7,1.9,320.07,0.67,False,18.77
25.6,3.08,0.08,6,0.07,5.17,1.06,1.41,283.35,0.72,False,32.62
24.9,12.17,0.08,8,0.04,5.72,0.86,1.27,87.08,0.9,False,45.03
20.6,14.42,0.41,3,0.03,6.68,0.33,1.39,208.81,1.23,True,326.24
27.6,5.37,0.17,6,0.0,5.99,0.74,1.29,194.07,0.97,False,12.99
21.5,26.86,0.39,7,0.12,5.27,0.58,1.75,308.25,0.78,False,215.55
23.8,12.08,0.06,0,0.05,7.48,0.47,1.06,203.03,1.48,False,74.74
25.5,15.33,0.04,8,0.04,4.34,0.95,2.08,22.76,0.53,False,34.16
25.0,8.81,0.25,6,0.02,6.5,0.57,1.24,139.42,1.14,False,43.01
21.3,7.61,0.29,2,0.16,4.88,1.08,1.57,156.16,0.64,False,236.34
24.0,6.61,0.08,4,0.01,5.52,0.96,1.3,335.69,0.82,False,68.16
23.8,11.06,0.11,7,0.08,4.92,0.94,1.67,268.04,0.66,False,74.74
28.1,5.21,0.1,5,0.02,6.13,0.9,1.07,271.78,1.0,False,10.32
27.1,8.81,0.05,9,0.03,3.36,1.01,3.59,8.94,0.28,False,16.35
18.7,20.4,0.1,0,0.04,5.29,0.84,1.43,293.96,0.82,True,782.6
21.9,22.09,0.28,0,0.0,5.35,0.66,1.66,290.31,0.79,True,179.28
21.0,21.81,0.28,7,0.08,4.16,1.07,2.08,71.73,0.5,False,271.36
22.4,16.5,0.32,2,0.25,5.82,0.71,1.33,340.47,0.96,False,142.41
22.2,23.3,0.06,7,0.02,4.84,0.47,2.07,208.92,0.69,False,156.15
24.8,18.29,0.26,7,0.02,5.84,0.86,1.2,37.14,0.94,False,47.16
27.2,6.36,0.21,6,0.01,5.68,1.0,1.18,210.04,0.87,False,15.62
26.3,13.87,0.01,8,0.01,4.3,0.74,2.35,30.78,0.51,False,23.63
23.7,13.44,0.11,7,0.01,5.74,0.74,1.39,1.34,0.9,False,78.26
21.3,28.63,0.4,1,0.07,4.66,0.78,1.82,170.69,0.66,False,236.34
24.2,20.23,0.36,1,0.0,6.06,0.81,1.16,80.65,1.01,False,62.16
23.5,7.05,0.24,7,0.14,4.35,1.14,2.01,83.08,0.5,False,85.81
20.3,7.25,0.17,3,0.09,4.77,0.98,1.75,149.01,0.62,False,374.58
25.9,6.24,0.07,8,0.07,3.32,1.07,3.68,0.16,0.27,False,28.41
23.3,9.27,0.05,7,0.03,3.86,0.97,2.73,351.99,0.39,False,94.09
26.0,8.08,0.05,8,0.02,3.72,1.0,2.93,18.32,0.36,False,27.14
20.0,27.68,0.31,0,0.03,3.61,0.67,3.19,336.06,0.37,True,430.07
21.8,13.83,0.21,0,0.07,5.59,1.08,1.11,90.85,0.86,False,187.73
19.4,24.72,0.44,1,0.2,3.85,0.81,2.75,343.79,0.42,False,566.95
27.3,4.75,0.2,6,0.0,5.89,0.86,1.22,339.49,0.93,False,14.91
22.69,9.16,0.27,5,0.2,4.28,1.12,2.09,50.37,0.48,False,124.49
21.2,11.38,0.17,0,0.09,5.05,0.94,1.59,186.8,0.69,False,247.48
21.4,15.15,0.21,4,0.16,3.3,0.74,3.69,245.47,0.3,False,225.71
27.1,15.15,0.01,7,0.0,4.61,0.67,2.12,181.43,0.6,False,16.35
22.3,19.43,0.17,6,0.14,6.1,0.37,1.52,269.09,1.07,False,149.12
22.9,10.11,0.18,8,0.16,5.25,1.14,1.25,314.51,0.75,False,113.12
19.8,14.54,0.28,0,0.13,5.41,0.86,1.44,270.75,0.8,False,471.57
26.3,22.33,0.5,6,0.01,6.74,0.63,1.12,26.13,1.21,False,23.63
20.8,12.46,0.11,0,0.0,3.59,1.0,3.11,274.18,0.33,True,297.54
24.3,7.13,0.08,6,0.06,3.24,1.07,3.87,211.42,0.25,False,59.37
23.4,12.41,0.12,7,0.01,5.57,0.56,1.62,313.68,0.87,False,89.86
24.4,10.37,0.07,6,0.06,6.24,0.67,1.24,74.77,1.06,False,56.69
23.4,5.5,0.21,5,0.21,3.61,1.21,2.99,270.77,0.32,False,89.86
28.1,13.78,0.0,7,0.0,3.77,0.83,2.92,307.62,0.38,False,10.32
26.2,5.69,0.02,4,0.02,6.21,0.85,1.09,260.36,1.03,False,24.75
28.3,7.92,0.01,6,0.0,5.47,0.82,1.45,15.74,0.81,False,9.41
19.6,22.36,0.19,0,0.0,4.46,0.47,2.32,170.27,0.6,True,517.06
20.8,12.41,0.19,0,0.0,5.72,0.86,1.29,316.19,0.88,True,297.54
21.8,18.33,0.32,1,0.13,6.47,0.69,1.12,238.12,1.14,False,187.73
21.2,18.27,0.35,0,0.19,6.41,0.61,1.24,126.07,1.11,False,247.48
22.7,11.05,0.07,2,0.03,5.27,0.83,1.54,225.16,0.76,False,124.03
26.5,8.07,0.23,5,0.01,5.97,0.77,1.26,91.48,0.96,False,21.55
23.6,14.31,0.26,7,0.09,5.92,0.81,1.25,355.53,0.95,False,81.95
26.6,16.76,0.0,7,0.0,3.18,0.8,3.99,206.83,0.27,False,20.58
18.6,16.01,0.25,0,0.0,5.12,0.85,1.62,182.71,0.72,True,819.49
19.6,4.87,0.2,0,0.19,3.91,1.16,2.54,324.93,0.39,False,517.06
19.4,26.48,0.37,0,0.01,5.47,0.29,1.84,335.84,0.9,True,566.95
24.2,5.17,0.19,1,0.01,6.35,0.79,1.1,201.17,1.08,False,62.16
21.3,14.28,0.39,1,0.09,4.34,1.07,2.08,57.64,0.5,False,236.34
26.8,1.8,0.03,5,0.03,5.58,1.04,1.19,324.85,0.83,False,18.77
23.4,17.59,0.03,8,0.01,5.15,0.5,1.88,47.69,0.76,False,89.86
22.8,14.47,0.15,7,0.14,4.06,1.06,2.28,350.12,0.46,False,118.45
18.9,18.82,0.34,0,0.02,4.44,0.31,2.43,110.82,0.62,True,713.74
23.3,7.25,0.26,0,0.02,6.0,0.67,1.34,309.89,0.98,False,94.09
26.58,6.75,0.01,5,0.0,4.33,0.99,2.15,27.5,0.5,False,20.76
23.31,11.95,0.21,7,0.0,4.25,1.02,2.22,13.16,0.48,False,93.49
23.4,4.81,0.19,7,0.16,3.84,1.17,2.64,301.29,0.38,False,89.86
23.0,9.38,0.14,6,0.04,5.66,0.72,1.44,297.57,0.88,False,108.03
24.4,7.04,0.03,7,0.01,4.34,1.02,2.12,52.08,0.5,False,56.69
21.3,22.8,0.48,5,0.25,5.75,0.58,1.49,33.43,0.93,False,236.34
23.6,8.27,0.05,7,0.04,3.54,1.02,3.22,248.06,0.32,False,81.95
27.9,5.0,0.31,8,0.01,5.12,0.92,1.57,33.68,0.71,False,11.31
25.7,12.54,0.4,5,0.0,7.12,0.58,1.05,302.96,1.33,False,31.16
22.7,16.42,0.45,6,0.05,7.16,0.57,1.06,338.49,1.35,False,124.03
26.1,6.73,0.22,6,0.02,5.84,1.01,1.09,161.31,0.92,False,25.91
22.3,5.56,0.16,4,0.16,3.37,1.14,3.53,215.29,0.28,False,149.12
21.7,15.01,0.43,7,0.14,4.61,1.08,1.8,76.43,0.57,False,196.58
24.6,11.28,0.32,5,0.04,6.27,0.83,1.07,194.64,1.06,False,51.71
19.1,18.15,0.4,0,0.07,4.22,1.06,2.16,6.36,0.48,False,650.94
22.4,12.18,0.06,1,0.06,5.12,1.04,1.42,173.13,0.72,False,142.41
24.6,4.33,0.47,6,0.07,4.39,1.07,2.03,95.88,0.51,False,51.71
21.2,7.13,0.24,4,0.02,5.52,1.0,1.25,47.7,0.82,True,247.48
22.5,7.2,0.09,5,0.08,3.39,1.09,3.5,218.71,0.28,False,136.0
26.1,8.34,0.33,8,0.04,5.28,0.89,1.48,48.02,0.76,False,25.91
23.59,8.08,0.26,5,0.12,6.13,0.68,1.28,227.19,1.02,False,82.48
25.7,16.91,0.33,3,0.01,6.67,0.63,1.14,291.36,1.19,False,31.16
22.0,1.91,0.28,0,0.27,3.66,1.28,2.89,255.07,0.33,False,171.22
19.1,14.95,0.35,0,0.06,4.28,0.63,2.42,312.19,0.52,False,650.94
27.5,5.74,0.33,7,0.02,5.32,0.89,1.48,129.71,0.76,False,13.6
26.8,5.31,0.31,7,0.01,5.26,0.91,1.49,311.41,0.75,False,18.77
19.3,14.95,0.35,0,0.06,4.28,0.63,2.42,57.02,0.52,False,593.67
18.62,19.03,0.17,6,0.07,4.37,0.42,2.45,115.06,0.57,False,811.97
23.6,5.98,0.16,7,0.15,3.53,1.17,3.18,231.94,0.31,False,81.95
21.7,6.81,0.17,6,0.14,3.57,1.15,3.11,240.39,0.32,False,196.58
19.6,4.66,0.38,0,0.21,4.87,1.21,1.47,199.98,0.63,False,517.06
19.8,9.86,0.18,0,0.1,3.48,1.1,3.3,233.14,0.3,False,471.57
22.2,4.77,0.18,5,0.18,4.53,1.08,1.88,34.52,0.55,False,156.15
21.6,13.97,0.28,7,0.04,3.15,0.74,4.01,209.62,0.27,True,205.85
18.9,17.04,0.34,1,0.1,7.32,0.64,0.93,22.66,1.42,False,713.74
23.6,6.96,0.32,1,0.01,7.24,0.56,1.04,252.65,1.38,False,81.95
21.3,14.63,0.32,3,0.19,5.46,0.72,1.5,173.74,0.85,False,236.34
22.4,6.79,0.18,5,0.18,3.41,1.19,3.42,210.05,0.28,False,142.41
24.6,6.45,0.33,7,0.02,5.38,0.87,1.45,122.12,0.79,False,51.71
24.4,13.01,0.26,6,0.15,6.08,0.8,1.17,32.37,1.01,False,56.69
25.6,10.33,0.06,8,0.05,3.89,0.96,2.68,341.92,0.4,False,32.62
27.0,7.79,0.01,7,0.01,3.58,1.02,3.13,245.03,0.33,False,17.12
24.2,4.76,0.16,8,0.16,3.6,1.17,3.05,359.17,0.32,False,62.16
22.9,6.46,0.16,6,0.14,3.57,1.15,3.11,236.88,0.32,False,113.12
18.7,8.47,0.05,0,0.04,3.96,1.0,2.57,295.24,0.41,True,782.6
21.0,15.81,0.39,6,0.1,5.1,0.46,1.9,277.41,0.77,False,271.36
23.9,7.91,0.28,0,0.0,6.76,0.69,1.06,215.09,1.21,False,71.37
27.6,19.19,0.47,5,0.0,4.97,0.95,1.64,105.77,0.67,False,12.99
25.0,18.08,0.02,7,0.02,4.64,0.93,1.8,71.55,0.62,False,43.01
21.8,3.88,0.27,4,0.23,4.93,1.22,1.43,65.33,0.65,False,187.73
24.3,19.49,0.03,7,0.03,3.13,0.9,3.85,185.72,0.27,False,59.37
20.3,18.13,0.3,0,0.02,5.07,0.81,1.69,111.0,0.7,True,374.58
21.0,19.75,0.26,1,0.1,6.47,0.5,1.32,36.17,1.14,False,271.36
26.5,19.15,0.49,7,0.01,4.74,0.99,1.79,55.93,0.6,False,21.55
22.9,15.81,0.05,6,0.01,5.26,0.66,1.67,258.23,0.78,False,113.12
21.7,12.08,0.17,5,0.15,4.43,1.08,1.93,48.12,0.53,False,196.58
22.7,11.96,0.11,7,0.06,4.94,0.87,1.72,164.76,0.67,False,124.03
20.5,16.96,0.28,5,0.25,5.37,0.74,1.54,212.81,0.81,False,341.62
24.4,19.1,0.17,8,0.06,6.01,0.88,1.07,203.18,1.02,False,56.69
23.3,6.57,0.08,6,0.08,3.47,1.04,3.36,218.67,0.3,False,94.09
22.6,7.58,0.25,7,0.2,4.09,1.2,2.25,310.41,0.44,False,129.88
24.9,18.34,0.37,8,0.08,6.36,0.66,1.19,119.95,1.11,False,45.03
24.6,11.17,0.03,7,0.02,3.56,0.96,3.19,245.83,0.33,False,51.71
20.3,14.26,0.26,0,0.01,3.43,0.74,3.48,227.12,0.32,True,374.58
24.4,10.15,0.23,5,0.02,6.49,0.57,1.25,31.11,1.14,False,56.69
21.0,11.15,0.1,4,0.01,3.39,1.0,3.52,202.03,0.29,True,271.36
25.3,8.51,0.01,6,0.01,6.95,0.63,1.05,337.83,1.28,False,37.46
28.1,5.18,0.01,6,0.01,5.33,0.97,1.39,219.69,0.77,False,10.32
28.9,13.71,0.0,7,0.0,3.25,0.9,3.84,200.58,0.27,False,7.14
21.6,17.48,0.16,0,0.03,5.5,0.83,1.39,297.44,0.84,True,205.85
21.8,8.85,0.36,7,0.24,4.09,1.09,2.29,334.8,0.45,False,187.73
23.3,18.81,0.41,2,0.01,5.95,0.82,1.23,24.1,0.95,False,94.09
26.3,15.24,0.38,3,0.02,6.27,0.84,1.07,292.6,1.05,False,23.63
23.1,14.93,0.37,6,0.16,5.34,1.1,1.23,255.28,0.78,False,103.17
25.5,8.82,0.05,8,0.02,7.76,0.4,1.07,156.09,1.57,False,34.16
26.1,12.49,0.29,6,0.03,6.7,0.68,1.08,166.41,1.2,False,25.91
29.2,5.39,0.35,7,0.0,4.99,0.89,1.68,42.27,0.67,False,6.22
25.6,10.54,0.39,8,0.03,4.75,0.93,1.78,328.89,0.62,False,32.62
20.9,12.46,0.36,0,0.25,4.18,1.06,2.22,316.18,0.47,False,284.15
20.5,16.67,0.25,0,0.08,5.9,0.65,1.34,319.21,0.99,False,341.62
22.5,12.93,0.32,2,0.02,5.4,0.68,1.61,205.2,0.81,False,136.0
20.7,12.05,0.22,6,0.16,4.5,0.7,2.18,18.46,0.57,False,311.56
24.8,7.99,0.05,7,0.03,5.4,0.87,1.45,143.81,0.79,False,47.16
25.4,15.32,0.03,8,0.0,5.36,0.57,1.71,54.26,0.81,False,35.77
23.73,5.6,0.21,7,0.07,5.78,0.79,1.33,168.24,0.9,False,77.08
22.2,8.33,0.21,6,0.13,3.48,1.13,3.29,206.46,0.3,False,156.15
23.2,16.33,0.1,9,0.03,3.64,0.87,3.08,21.71,0.36,False,98.52
22.6,26.63,0.4,5,0.05,7.28,0.41,1.17,337.33,1.42,False,129.88
21.5,10.7,0.29,2,0.13,5.84,0.69,1.39,260.72,0.93,False,215.55
21.1,11.24,0.22,4,0.14,4.49,0.96,1.96,349.25,0.56,False,259.14
21.7,14.42,0.4,2,0.02,6.53,0.65,1.15,73.75,1.15,True,196.58
21.6,15.85,0.27,5,0.18,5.85,0.82,1.22,120.98,0.96,False,205.85
23.0,16.54,0.1,7,0.01,6.08,0.56,1.4,41.52,1.01,False,108.03
25.7,5.99,0.15,8,0.07,5.46,1.02,1.27,293.58,0.8,False,31.16
24.4,9.34,0.14,7,0.13,3.85,1.1,2.62,257.77,0.39,False,56.69
20.6,17.07,0.44,0,0.04,6.45,0.54,1.29,330.3,1.13,True,326.24
21.1,23.2,0.28,0,0.04,5.75,0.54,1.55,216.14,0.92,True,259.14
19.5,13.81,0.06,0,0.05,6.34,0.79,1.08,161.89,1.1,False,541.43
26.5,6.66,0.26,5,0.01,5.97,0.77,1.26,91.48,0.96,False,21.55
24.7,7.33,0.14,5,0.06,4.34,1.04,2.11,330.61,0.5,False,49.38
27.8,7.88,0.0,7,0.0,4.9,0.92,1.72,108.86,0.65,False,11.85
27.2,4.3,0.01,7,0.01,5.51,0.97,1.3,228.01,0.82,False,15.62
18.9,24.14,0.1,2,0.05,4.13,0.49,2.63,10.03,0.51,True,713.74
23.7,1.59,0.16,6,0.15,4.64,1.14,1.74,13.27,0.57,False,78.26
21.4,7.52,0.32,7,0.15,4.2,1.13,2.16,294.64,0.47,False,225.71
18.6,7.89,0.4,0,0.1,4.78,1.05,1.68,341.97,0.62,False,819.49
19.1,7.5,0.43,0,0.04,7.03,0.52,1.13,210.57,1.32,True,650.94
24.2,3.92,0.1,1,0.01,6.35,0.79,1.1,201.17,1.08,False,62.16
26.9,18.69,0.24,6,0.0,6.06,0.61,1.37,242.39,1.0,False,17.93
21.0,20.32,0.25,1,0.02,3.6,0.84,3.18,215.78,0.35,True,271.36
22.7,10.76,0.04,7,0.01,7.99,0.41,1.01,197.47,1.65,False,124.03
26.6,7.42,0.03,7,0.03,4.92,1.0,1.62,90.12,0.65,False,20.58
23.5,15.3,0.01,7,0.01,3.25,0.81,3.85,192.78,0.28,False,85.81
24.9,8.64,0.04,7,0.03,4.32,0.95,2.19,344.61,0.5,False,45.03
23.4,9.73,0.06,7,0.06,3.18,0.99,4.03,168.03,0.25,False,89.86
23.2,11.73,0.29,6,0.09,3.62,1.07,3.06,214.43,0.33,False,98.52
24.8,22.25,0.44,7,0.03,5.99,0.74,1.28,341.83,0.97,False,47.16
22.5,5.84,0.13,5,0.11,3.4,1.08,3.49,185.79,0.28,False,136.0
28.4,17.76,0.49,3,0.0,6.03,0.93,1.09,337.06,0.97,False,8.99
20.7,3.61,0.24,4,0.2,3.95,1.13,2.5,250.72,0.4,False,311.56
29.6,16.5,0.0,7,0.0,3.3,0.76,3.72,179.38,0.29,False,5.17
28.15,3.37,0.1,4,0.0,5.92,0.88,1.18,224.38,0.94,False,10.08
24.7,7.22,0.16,8,0.15,4.38,1.14,1.96,354.48,0.51,False,49.38
25.0,7.5,0.08,9,0.03,4.56,1.01,1.9,0.35,0.56,False,43.01
24.1,13.13,0.09,9,0.03,4.16,0.72,2.49,37.6,0.48,False,65.09
19.7,17.3,0.47,0,0.21,3.96,1.18,2.25,299.32,0.44,False,493.79
22.6,11.88,0.44,2,0.17,5.92,0.67,1.35,70.89,0.97,False,129.88
21.3,2.31,0.33,4,0.24,4.51,1.2,1.79,11.55,0.54,False,236.34
20.1,12.12,0.22,1,0.05,4.29,0.98,2.13,308.63,0.51,True,410.72
23.5,7.4,0.02,4,0.01,3.52,0.97,3.28,203.2,0.32,False,85.81
25.2,8.16,0.01,3,0.01,5.32,0.83,1.53,86.71,0.77,False,39.22
25.4,12.01,0.02,7,0.02,4.86,0.92,1.72,79.07,0.65,False,35.77
23.7,8.82,0.25,7,0.03,6.12,0.83,1.14,158.24,1.01,False,78.26
20.9,5.12,0.44,0,0.11,4.63,1.1,1.78,290.89,0.57,False,284.15
21.7,5.19,0.33,1,0.04,5.3,1.03,1.35,6.11,0.76,True,196.58
27.2,6.22,0.01,5,0.01,5.23,0.9,1.52,72.51,0.74,False,15.62
27.2,11.92,0.0,6,0.0,4.43,0.8,2.19,314.31,0.54,False,15.62
28.4,6.9,0.0,6,0.01,5.87,0.83,1.25,286.69,0.93,False,8.99
19.9,16.55,0.35,1,0.12,6.14,0.79,1.18,352.21,1.01,False,450.34
27.4,8.78,0.0,6,0.0,6.06,0.72,1.27,334.1,0.99,False,14.24
25.2,17.12,0.05,8,0.05,4.31,0.84,2.19,333.21,0.53,False,39.22
23.5,6.82,0.09,7,0.08,4.46,1.04,1.98,338.76,0.53,False,85.81
25.9,3.33,0.02,5,0.02,5.66,0.96,1.22,137.81,0.86,False,28.41
27.4,10.29,0.01,7,0.01,5.22,0.82,1.59,62.51,0.75,False,14.24
28.0,12.38,0.0,6,0.0,5.99,0.6,1.41,186.86,0.98,False,10.8
26.1,8.06,0.01,1,0.0,5.68,0.81,1.36,127.13,0.87,False,25.91
24.9,6.41,0.11,7,0.11,4.83,1.08,1.62,34.61,0.63,False,45.03
25.3,19.98,0.02,9,0.01,3.5,0.63,3.37,18.41,0.35,False,37.46
21.1,20.26,0.21,1,0.16,4.89,0.4,2.06,33.17,0.72,False,259.14
24.7,6.52,0.08,7,0.08,4.21,0.99,2.27,275.11,0.47,False,49.38
27.4,6.15,0.02,7,0.02,5.18,0.95,1.5,105.85,0.73,False,14.24
23.6,15.0,0.04,7,0.02,4.08,0.71,2.59,302.25,0.46,False,81.95
22.4,9.67,0.06,4,0.02,3.81,0.9,2.83,222.16,0.39,False,142.41
25.3,13.35,0.17,7,0.03,5.94,0.83,1.22,148.44,0.96,False,37.46
21.4,16.89,0.27,6,0.02,3.37,0.95,3.55,165.31,0.29,True,225.71
23.9,19.7,0.11,9,0.11,4.63,1.08,1.64,343.0,0.62,False,71.37
21.3,19.32,0.21,7,0.09,3.85,1.06,2.44,246.45,0.43,False,236.34
23.4,21.46,0.06,9,0.02,3.57,0.52,3.28,24.83,0.38,False,89.86
23.8,5.57,0.31,8,0.08,4.65,0.95,1.88,33.08,0.59,False,74.74
20.7,13.2,0.13,0,0.02,4.57,0.96,1.91,334.63,0.58,True,311.56
19.5,12.12,0.12,0,0.05,4.04,0.92,2.51,248.06,0.44,True,541.43
23.8,9.97,0.24,7,0.07,5.88,0.84,1.21,93.7,0.94,False,74.74
20.7,12.33,0.38,4,0.17,4.63,1.07,1.74,295.55,0.59,False,311.56
25.1,4.58,0.18,3,0.03,6.26,0.78,1.14,46.85,1.05,False,41.07
24.1,8.88,0.13,8,0.13,4.39,1.03,2.05,337.21,0.52,False,65.09
23.3,15.22,0.12,8,0.11,4.83,1.05,1.57,23.2,0.66,False,94.09
21.8,3.84,0.28,5,0.26,4.06,1.24,2.28,258.32,0.42,False,187.73
19.1,18.21,0.22,0,0.04,4.82,0.86,1.71,358.73,0.68,True,650.94
26.6,8.2,0.07,7,0.0,4.69,0.95,1.85,331.02,0.59,False,20.58
27.5,6.53,0.02,7,0.02,5.32,0.89,1.48,129.71,0.76,False,13.6
23.3,9.77,0.16,5,0.11,5.93,0.9,1.14,61.2,0.96,False,94.09
24.4,10.99,0.2,6,0.15,6.08,0.8,1.17,32.37,1.01,False,56.69
25.0,8.35,0.08,8,0.07,4.04,1.05,2.42,350.62,0.43,False,43.01
21.8,17.71,0.24,6,0.21,3.08,1.17,3.81,149.43,0.25,False,187.73
20.9,19.13,0.21,7,0.21,3.2,1.2,3.47,157.93,0.28,False,284.15
21.6,15.7,0.25,6,0.25,3.96,1.09,2.35,274.72,0.44,False,205.85
26.5,15.61,0.05,7,0.05,5.06,1.03,1.44,67.09,0.72,False,21.55
22.4,5.66,0.34,2,0.02,5.28,0.97,1.43,175.28,0.75,False,142.41
24.1,4.8,0.1,6,0.09,4.3,1.06,2.13,286.54,0.49,False,65.09
25.1,20.82,0.02,7,0.0,3.4,0.63,3.55,172.13,0.33,False,41.07
22.9,19.73,0.08,8,0.08,5.08,0.98,1.42,44.36,0.75,False,113.12
25.6,4.25,0.04,4,0.03,5.96,0.86,1.19,260.38,0.95,False,32.62
22.2,25.52,0.03,1,0.01,5.06,0.27,2.06,51.88,0.78,False,156.15
27.21,11.29,0.37,6,0.01,6.3,0.89,1.01,4.94,1.06,False,15.55
25.3,17.54,0.02,7,0.02,3.86,0.69,2.85,217.92,0.42,False,37.46
23.9,7.78,0.06,0,0.0,6.76,0.69,1.06,215.09,1.21,False,71.37
26.5,13.79,0.03,8,0.03,5.28,0.94,1.4,319.63,0.78,False,21.55
28.5,9.45,0.0,5,0.0,6.62,0.6,1.18,35.51,1.17,False,8.58
27.5,4.32,0.02,6,0.03,5.91,1.01,1.06,183.53,0.94,False,13.6
25.5,9.8,0.02,8,0.02,4.07,0.89,2.51,19.8,0.44,False,34.16
21.3,9.23,0.32,5,0.18,4.31,1.08,2.05,249.36,0.5,False,236.34
26.3,16.79,0.38,7,0.03,5.89,0.86,1.22,99.24,0.93,False,23.63
25.4,3.0,0.09,7,0.09,4.97,1.07,1.53,20.98,0.66,False,35.77
23.5,19.63,0.07,9,0.05,3.37,0.67,3.59,344.24,0.32,False,85.81
22.9,20.93,0.09,8,0.05,6.47,0.41,1.36,272.91,1.19,False,113.12
23.8,11.37,0.14,7,0.12,5.08,0.97,1.51,80.55,0.71,False,74.74
24.9,11.85,0.08,9,0.08,4.25,0.9,2.27,33.51,0.5,False,45.03
26.1,13.25,0.2,7,0.02,4.31,0.98,2.18,254.32,0.5,False,25.91
20.1,0.8,0.44,1,0.2,3.75,1.15,2.79,217.18,0.36,False,410.72
23.9,24.13,0.46,7,0.07,6.84,0.59,1.08,332.76,1.28,False,71.37
25.4,5.01,0.28,3,0.0,5.26,0.91,1.49,131.0,0.75,False,35.77
25.4,6.14,0.32,7,0.02,7.08,0.63,1.01,289.67,1.33,False,35.77
29.0,2.67,0.0,5,0.01,6.49,0.83,1.01,35.17,1.12,False,6.82
21.9,11.17,0.2,5,0.18,5.77,0.8,1.31,128.8,0.91,False,179.28
26.6,7.54,0.23,7,0.0,6.09,0.63,1.34,296.18,1.01,False,20.58
28.5,25.63,0.0,7,0.0,3.45,0.45,3.44,181.29,0.36,False,8.58
27.1,6.77,0.03,8,0.02,3.68,1.02,2.99,356.98,0.35,False,16.35
26.0,6.24,0.03,8,0.03,4.87,0.98,1.68,28.15,0.64,False,27.14
21.7,15.11,0.09,0,0.01,5.44,0.72,1.55,129.24,0.82,True,196.58
20.8,19.94,0.14,1,0.05,4.28,0.4,2.53,328.03,0.56,True,297.54
21.1,17.02,0.19,6,0.03,4.84,0.95,1.67,340.25,0.66,True,259.14
23.0,1.09,0.27,6,0.23,4.28,1.22,2.03,241.5,0.47,False,108.03
25.0,14.86,0.33,5,0.01,5.89,0.88,1.2,77.99,0.93,False,43.01
23.88,9.8,0.07,8,0.08,5.94,0.9,1.14,139.61,0.96,False,72.2
24.6,7.99,0.06,8,0.06,3.63,1.05,3.02,0.89,0.34,False,51.71
26.0,7.83,0.03,7,0.0,4.52,0.93,2.02,312.48,0.55,False,27.14
25.4,2.14,0.09,8,0.09,4.72,1.08,1.72,30.52,0.59,False,35.77
21.0,14.03,0.4,0,0.01,5.68,1.02,1.16,121.71,0.87,True,271.36
21.2,11.54,0.27,0,0.03,6.74,0.71,1.03,74.05,1.21,True,247.48
21.0,20.57,0.49,1,0.26,4.01,1.04,2.41,248.24,0.44,False,271.36
23.1,10.81,0.49,7,0.03,4.79,0.79,1.87,266.19,0.64,False,103.17
21.9,4.28,0.29,3,0.01,5.2,0.89,1.54,102.24,0.73,True,179.28
21.2,14.64,0.27,2,0.15,5.84,0.85,1.22,126.31,0.94,False,247.48
20.9,14.03,0.4,0,0.02,5.68,1.02,1.16,110.29,0.87,True,284.15
26.4,4.69,0.07,7,0.07,4.21,1.07,2.22,238.64,0.47,False,22.57
26.7,13.03,0.01,8,0.01,3.43,0.89,3.45,348.04,0.31,False,19.66
27.6,15.25,0.0,8,0.0,3.18,0.85,3.99,349.93,0.26,False,12.99
20.5,18.23,0.32,2,0.19,4.98,0.51,1.94,343.91,0.72,False,341.62
25.0,5.59,0.09,6,0.08,4.39,1.06,2.04,256.02,0.51,False,43.01
27.2,5.65,0.02,7,0.02,3.98,1.02,2.54,215.52,0.42,False,15.62
25.4,11.99,0.03,7,0.03,3.42,0.93,3.46,144.11,0.3,False,35.77
19.0,19.65,0.49,0,0.19,4.93,1.17,1.32,201.98,0.71,False,681.62
20.8,6.05,0.42,0,0.21,4.24,1.08,2.16,200.22,0.48,False,297.54
23.2,6.65,0.18,6,0.16,3.73,1.16,2.81,176.08,0.35,False,98.52
25.1,4.52,0.04,7,0.04,4.58,1.03,1.89,279.39,0.56,False,41.07
24.8,13.68,0.03,7,0.02,5.84,0.86,1.2,37.14,0.94,False,47.16
28.3,7.32,0.3,4,0.0,6.75,0.63,1.12,326.93,1.21,False,9.41
25.7,10.75,0.01,8,0.01,5.32,0.73,1.61,58.65,0.78,False,31.16
22.3,11.06,0.23,3,0.2,6.22,0.63,1.27,308.79,1.06,False,149.12
25.8,6.33,0.01,7,0.01,4.47,1.01,1.99,263.53,0.54,False,29.75
24.92,21.87,0.07,9,0.07,4.06,0.53,2.63,31.83,0.5,False,44.58
25.2,6.69,0.37,9,0.03,4.85,0.94,1.73,38.27,0.64,False,39.22
18.8,11.14,0.43,0,0.24,5.69,0.58,1.54,348.29,0.9,False,747.38
22.0,20.89,0.21,0,0.21,3.77,0.91,2.62,237.06,0.42,False,171.22
20.0,20.51,0.4,1,0.07,3.36,0.61,3.61,159.66,0.32,False,430.07
19.5,18.49,0.48,3,0.05,4.3,0.8,2.17,288.81,0.55,True,541.43
26.18,12.35,0.02,7,0.01,4.76,0.77,1.94,278.8,0.62,False,24.97
26.5,9.05,0.04,8,0.04,3.59,1.02,3.11,351.96,0.33,False,21.55
23.4,9.9,0.08,0,0.06,5.48,0.94,1.32,93.93,0.82,False,89.86
30.6,4.14,0.15,5,0.0,6.41,0.83,1.04,126.77,1.09,False,3.26
23.0,7.12,0.27,6,0.08,5.12,1.02,1.46,52.95,0.71,False,108.03
23.1,11.59,0.03,7,0.03,4.15,0.87,2.41,246.94,0.47,False,103.17
21.3,5.69,0.03,2,0.02,7.2,0.58,1.04,111.27,1.36,True,236.34
22.6,7.12,0.36,6,0.23,4.92,1.21,1.43,217.07,0.65,False,129.88
24.6,10.49,0.04,7,0.0,4.61,0.86,1.99,307.72,0.58,False,51.71
23.1,12.8,0.19,4,0.16,5.08,0.99,1.48,280.45,0.72,False,103.17
18.9,10.72,0.11,0,0.11,6.33,0.61,1.26,252.11,1.09,False,713.74
20.3,12.06,0.47,0,0.13,4.4,1.14,1.91,226.1,0.52,False,374.58
20.7,23.14,0.49,2,0.15,5.72,0.48,1.6,95.29,0.93,False,311.56
20.6,22.8,0.48,6,0.26,3.63,0.52,3.14,194.9,0.4,False,326.24
26.8,2.71,0.16,5,0.01,5.57,0.97,1.27,302.07,0.83,False,18.77
19.7,15.65,0.33,0,0.01,4.16,0.8,2.34,214.77,0.5,True,493.79
22.8,10.9,0.13,0,0.13,5.07,1.03,1.47,282.43,0.71,False,118.45
25.3,15.21,0.4,6,0.02,6.1,0.94,1.04,338.22,1.0,False,37.46
20.4,29.24,0.39,2,0.06,4.39,0.63,2.32,230.99,0.55,False,357.72
22.3,17.33,0.45,6,0.14,6.1,0.37,1.52,269.09,1.07,False,149.12
22.9,24.3,0.48,6,0.01,3.62,0.92,3.11,142.05,0.34,False,113.12
21.39,7.88,0.25,8,0.17,5.48,0.76,1.49,101.24,0.82,False,226.85
21.3,7.84,0.25,1,0.17,5.48,0.76,1.49,93.13,0.83,False,236.34
22.5,12.29,0.48,6,0.1,3.9,0.9,2.59,153.79,0.43,False,136.0
26.6,19.86,0.43,6,0.01,6.58,0.66,1.14,73.72,1.16,False,20.58
24.9,7.49,0.04,6,0.04,3.63,1.03,3.07,146.88,0.34,False,45.03
20.5,6.16,0.22,4,0.22,3.18,1.22,4.0,103.42,0.23,False,341.62
25.4,6.16,0.02,3,0.02,4.98,1.03,1.56,309.35,0.67,False,35.77
21.9,12.51,0.23,5,0.07,3.52,1.05,3.25,133.64,0.31,False,179.28
24.3,6.41,0.4,5,0.0,5.44,0.87,1.42,243.58,0.81,False,59.37
20.2,6.48,0.08,0,0.02,4.74,0.94,1.82,254.77,0.61,True,392.23
21.2,17.27,0.25,0,0.16,6.22,0.64,1.26,313.54,1.07,False,247.48
20.3,30.25,0.1,0,0.09,5.29,0.2,1.97,69.67,0.88,False,374.58
20.8,12.97,0.29,0,0.04,6.47,0.51,1.3,355.94,1.15,True,297.54
19.6,16.54,0.22,1,0.16,5.08,0.72,1.76,73.79,0.72,False,517.06
25.0,10.1,0.33,7,0.04,5.63,0.89,1.28,130.03,0.87,False,43.01
27.1,3.73,0.31,6,0.0,4.91,0.94,1.7,351.06,0.65,False,16.35
21.3,17.27,0.25,0,0.16,6.22,0.64,1.26,20.25,1.07,False,236.34
22.4,17.37,0.04,8,0.03,5.42,0.69,1.55,57.25,0.83,False,142.41
20.8,12.97,0.29,0,0.03,6.47,0.51,1.3,94.28,1.15,True,297.54
19.6,16.54,0.22,1,0.16,5.08,0.72,1.76,0.0,0.72,False,517.06
23.8,28.38,0.06,9,0.03,3.16,0.34,3.87,345.15,0.32,False,74.74
29.34,16.16,0.46,5,0.0,6.44,0.8,1.06,238.77,1.1,False,5.81
25.1,8.96,0.09,8,0.09,3.21,1.08,3.91,352.91,0.25,False,41.07
21.7,12.59,0.14,4,0.06,4.5,0.95,2.02,214.47,0.55,False,196.58
19.2,20.99,0.33,7,0.28,4.0,0.7,2.63,221.5,0.46,False,621.65
25.2,8.66,0.06,8,0.02,5.28,0.81,1.56,300.9,0.76,False,39.22
21.9,11.1,0.27,5,0.1,3.48,1.11,3.31,128.91,0.3,False,179.28
23.3,10.54,0.17,5,0.11,5.93,0.9,1.14,61.2,0.96,False,94.09
21.9,7.05,0.29,6,0.18,3.39,1.19,3.49,117.9,0.27,False,179.28
24.3,17.58,0.02,9,0.02,4.67,0.58,2.13,40.38,0.62,False,59.37
20.1,7.37,0.2,0,0.05,5.48,0.72,1.54,309.81,0.82,True,410.72
24.0,6.83,0.43,0,0.07,5.07,1.05,1.49,68.12,0.69,False,68.16
20.6,7.08,0.4,1,0.26,4.65,1.18,1.68,82.62,0.58,False,326.24
22.6,4.6,0.28,7,0.07,5.37,0.92,1.41,233.57,0.78,False,129.88
26.3,9.25,0.34,7,0.0,7.0,0.6,1.08,141.89,1.29,False,23.63
22.8,9.49,0.19,0,0.05,4.22,0.86,2.35,199.19,0.48,False,118.45
26.8,7.94,0.01,5,0.01,3.59,1.02,3.13,137.76,0.33,False,18.77
20.5,7.08,0.4,1,0.26,4.65,1.18,1.68,313.37,0.58,False,341.62
27.1,5.58,0.29,7,0.02,5.51,0.89,1.37,226.97,0.82,False,16.35
26.8,8.85,0.23,8,0.04,5.28,0.95,1.42,320.42,0.76,False,18.77
23.1,9.44,0.11,9,0.01,4.5,0.8,2.13,326.96,0.56,False,103.17
21.6,8.45,0.25,0,0.18,3.25,1.16,3.84,101.75,0.25,False,205.85
21.6,9.95,0.24,5,0.12,3.55,1.13,3.13,131.93,0.32,False,205.85
20.7,19.0,0.24,4,0.17,3.93,0.97,2.52,198.88,0.43,False,311.56
19.9,4.61,0.33,5,0.23,3.36,1.24,3.53,115.94,0.27,False,450.34
25.1,10.37,0.03,8,0.01,3.43,0.97,3.46,349.93,0.3,False,41.07
26.7,5.71,0.03,9,0.03,4.17,1.03,2.3,12.88,0.46,False,19.66
21.2,14.28,0.28,0,0.11,5.32,1.02,1.3,113.38,0.79,False,247.48
20.2,4.66,0.22,0,0.18,3.61,1.17,3.04,6.2,0.32,False,392.23
27.4,8.79,0.49,7,0.01,5.22,0.82,1.59,62.51,0.75,False,14.24
24.6,13.66,0.33,6,0.07,6.69,0.65,1.11,98.1,1.2,False,51.71
24.8,5.8,0.27,7,0.05,6.84,0.64,1.08,85.29,1.24,False,47.16
20.1,4.66,0.22,0,0.18,3.61,1.17,3.03,135.36,0.32,False,410.72
21.0,14.28,0.28,0,0.11,5.32,1.02,1.3,70.17,0.79,False,271.36
20.3,18.93,0.4,0,0.28,3.45,0.99,3.14,114.55,0.33,False,374.58
22.5,5.94,0.43,5,0.0,4.82,0.88,1.82,182.68,0.63,False,136.0
24.8,16.36,0.25,7,0.01,6.99,0.55,1.12,266.01,1.29,False,47.16
26.31,8.81,0.49,7,0.01,5.39,0.79,1.53,183.37,0.79,False,23.5
24.1,6.31,0.1,1,0.01,5.99,1.01,1.02,204.63,0.96,False,65.09
22.48,29.98,0.48,6,0.02,6.71,0.41,1.32,206.31,1.23,False,137.45
22.5,13.78,0.25,1,0.23,5.93,0.66,1.35,260.17,0.98,False,136.0
26.5,12.63,0.24,8,0.03,5.28,0.94,1.4,319.63,0.78,False,21.55
19.3,23.07,0.06,1,0.01,3.92,0.7,2.59,205.76,0.47,True,593.67
21.5,14.75,0.12,2,0.03,5.79,0.94,1.14,142.26,0.93,True,215.55
26.93,14.5,0.4,3,0.0,6.52,0.61,1.2,89.29,1.14,False,17.68
20.2,12.62,0.19,0,0.01,4.3,0.98,2.17,177.33,0.5,True,392.23
24.3,15.96,0.45,7,0.08,6.64,0.62,1.13,243.81,1.2,False,59.37
21.6,17.15,0.39,1,0.03,4.48,0.63,2.25,223.13,0.57,True,205.85
19.1,4.02,0.39,0,0.27,3.39,1.26,3.45,114.93,0.27,False,650.94
25.1,5.48,0.06,7,0.06,5.26,1.07,1.34,276.45,0.75,False,41.07
23.4,18.82,0.11,9,0.04,4.06,0.53,2.68,31.72,0.48,False,89.86
20.0,6.01,0.18,4,0.15,3.49,1.14,3.28,114.49,0.3,False,430.07
22.6,16.11,0.31,7,0.08,3.48,0.99,3.11,133.5,0.34,False,129.88
26.3,16.02,0.01,7,0.01,3.5,0.76,3.36,105.81,0.33,False,23.63
24.5,14.83,0.04,8,0.02,3.28,0.81,3.78,12.3,0.28,False,54.14
22.7,9.12,0.28,6,0.08,6.57,0.56,1.23,182.56,1.17,False,124.03
26.3,17.28,0.39,8,0.04,6.7,0.68,1.08,228.37,1.19,False,23.63
23.6,13.69,0.33,7,0.09,5.95,0.88,1.13,189.7,0.97,False,81.95
20.7,26.02,0.17,1,0.12,3.84,0.59,2.82,178.5,0.44,False,311.56
23.9,22.15,0.04,8,0.02,5.16,0.74,1.58,304.31,0.79,False,71.37
28.2,3.23,0.01,6,0.01,5.74,1.0,1.15,282.98,0.88,False,9.85
22.7,7.19,0.06,6,0.06,4.41,0.97,2.09,203.5,0.52,False,124.03
21.8,11.35,0.26,5,0.18,4.48,1.19,1.79,203.52,0.54,False,187.73
